,FTR,B365H,B365D,B365A,PSH,PSD,PSA,WHH,WHD,WHA,BbAvH,BbAvD,BbAvA
0,1,2.0,3.6,4.0,1.95,3.65,4.27,1.91,3.5,4.0,1.96,3.48,3.98
1,2,1.36,5.0,11.0,1.39,4.92,10.39,1.4,4.0,10.0,1.37,4.66,9.57
2,2,1.7,3.9,5.5,1.7,3.95,5.62,1.73,3.5,5.0,1.69,3.76,5.25
3,3,1.95,3.5,4.33,1.99,3.48,4.34,2.0,3.1,2.7,1.96,3.37,4.06
4,3,1.65,4.0,6.0,1.65,4.09,5.9,1.62,3.6,6.0,1.63,3.9,5.65
5,1,2.55,3.3,3.0,2.52,3.35,3.08,2.6,3.1,2.88,2.53,3.21,2.92
6,1,1.29,6.0,12.0,1.31,5.75,12.0,1.3,5.0,11.0,1.29,5.53,10.75
7,2,2.88,3.3,2.7,2.88,3.33,2.69,2.7,3.1,2.7,2.79,3.23,2.63
8,1,3.4,3.4,2.3,3.48,3.46,2.25,3.3,3.1,2.3,3.33,3.33,2.24
9,1,5.75,4.0,1.67,5.75,3.98,1.68,5.5,3.5,1.7,5.46,3.85,1.66
10,1,5.5,3.8,1.73,5.66,3.83,1.72,5.5,3.6,1.75,5.37,3.67,1.71
11,1,1.95,3.6,4.33,1.98,3.6,4.21,2.0,3.25,4.0,1.95,3.45,4.09
12,1,2.5,3.3,3.1,2.52,3.35,3.08,2.5,3.0,3.0,2.47,3.2,3.01
13,3,1.95,3.6,4.33,1.94,3.66,4.3,1.95,3.2,4.33,1.92,3.51,4.11
14,2,1.8,3.75,5.0,1.79,3.75,5.09,1.8,3.3,5.0,1.77,3.66,4.8
15,2,2.3,3.4,3.4,2.25,3.41,3.54,2.3,3.2,3.2,2.25,3.3,3.33
16,1,2.25,3.5,3.4,2.25,3.52,3.42,2.3,3.2,3.2,2.25,3.36,3.27
17,1,5.25,3.9,1.73,5.34,3.97,1.72,5.0,3.5,1.75,5.0,3.78,1.71
18,3,2.1,3.5,3.75,2.08,3.56,3.87,2.15,3.2,3.6,2.09,3.4,3.66
19,3,1.45,4.75,8.0,1.44,4.74,8.6,1.5,4.2,6.5,1.44,4.46,7.71
20,3,1.85,3.6,4.75,1.85,3.63,4.89,1.85,3.4,4.5,1.83,3.52,4.52
21,2,2.63,3.6,2.75,2.69,3.52,2.75,2.7,3.1,2.7,2.63,3.38,2.67
22,2,1.36,5.25,10.0,1.39,5.15,9.62,1.36,5.0,8.0,1.36,4.91,8.9
23,2,2.3,3.3,3.5,2.34,3.39,3.37,2.3,3.2,3.1,2.3,3.27,3.22
24,2,4.0,3.4,2.1,3.79,3.45,2.14,3.75,3.2,2.1,3.74,3.33,2.07
25,1,2.38,3.4,3.2,2.43,3.44,3.15,2.4,3.1,3.1,2.34,3.35,3.09
26,1,5.0,4.0,1.73,4.85,4.08,1.76,5.0,3.5,1.75,4.72,3.92,1.73
27,2,2.8,3.3,2.75,2.76,3.36,2.78,2.7,3.1,2.7,2.7,3.25,2.7
28,1,6.5,4.0,1.62,6.25,3.93,1.65,6.0,3.4,1.67,5.93,3.79,1.62
29,2,1.75,4.0,5.0,1.74,4.0,5.12,1.73,3.5,5.0,1.72,3.82,4.9
30,2,1.91,3.5,4.75,1.93,3.51,4.62,1.91,3.2,4.5,1.89,3.42,4.38
31,2,2.2,3.6,3.4,2.15,3.63,3.57,2.2,3.2,3.4,2.14,3.48,3.38
32,1,1.36,5.0,11.0,1.37,5.26,10.17,1.36,4.5,9.5,1.35,4.94,9.38
33,1,1.36,5.5,9.0,1.36,5.28,10.21,1.36,4.5,9.5,1.36,4.99,9.06
34,3,1.2,8.0,15.0,1.19,8.0,17.75,1.22,6.0,13.0,1.19,7.15,14.45
35,1,6.0,4.2,1.62,6.13,4.21,1.61,6.0,3.6,1.62,5.7,3.99,1.61
36,1,1.95,3.4,4.5,1.95,3.5,4.5,1.95,3.25,4.2,1.93,3.39,4.22
37,2,2.0,3.5,4.2,1.97,3.72,4.09,2.0,3.25,4.0,1.94,3.53,3.98
38,3,2.05,3.5,4.0,2.05,3.54,4.0,2.05,3.25,3.8,2.01,3.44,3.82
39,3,3.6,3.3,2.25,3.55,3.45,2.23,3.5,3.0,2.25,3.42,3.31,2.19
40,3,1.29,6.0,12.0,1.28,6.12,13.0,1.3,5.0,11.0,1.27,5.71,11.27
41,1,5.5,4.2,1.67,5.75,4.16,1.65,5.5,3.8,1.62,5.44,4.05,1.62
42,3,4.0,3.6,2.0,4.11,3.57,2.01,4.0,3.1,2.05,3.91,3.45,1.99
43,3,2.0,3.4,4.33,1.94,3.49,4.56,1.95,3.4,4.5,1.93,3.41,4.27
44,3,2.4,3.4,3.2,2.36,3.48,3.23,2.4,3.1,3.1,2.33,3.36,3.11
45,3,2.75,3.4,2.75,2.75,3.34,2.8,2.75,3.0,2.75,2.68,3.23,2.74
46,2,3.2,3.2,2.5,3.21,3.26,2.49,3.1,3.0,2.5,3.09,3.16,2.45
47,3,1.91,3.75,4.33,1.86,3.74,4.62,1.91,3.3,4.33,1.86,3.58,4.32
48,1,4.33,3.6,1.95,4.32,3.65,1.94,4.2,3.25,1.95,4.14,3.49,1.92
49,3,2.25,3.5,3.4,2.23,3.53,3.48,2.25,3.1,3.4,2.19,3.41,3.33
50,1,2.3,3.25,3.5,2.32,3.23,3.57,2.3,3.2,3.2,2.28,3.2,3.36
51,3,1.7,4.0,5.5,1.71,3.99,5.35,1.73,3.6,5.0,1.7,3.79,5.14
52,3,2.45,3.5,3.0,2.45,3.51,3.06,2.4,3.1,3.1,2.41,3.38,2.97
53,1,1.29,6.5,11.0,1.27,6.45,12.78,1.29,5.0,12.0,1.26,6.08,11.33
54,1,2.5,3.3,3.1,2.54,3.36,3.04,2.5,3.2,2.9,2.47,3.25,2.97
55,2,2.5,3.4,3.0,2.47,3.41,3.1,2.5,3.0,3.0,2.43,3.3,2.98
56,2,2.3,3.4,3.4,2.3,3.44,3.4,2.3,3.2,3.2,2.26,3.33,3.27
57,2,1.67,4.0,5.75,1.68,3.94,5.81,1.67,3.6,5.5,1.64,3.86,5.54
58,1,3.1,3.3,2.5,3.22,3.3,2.46,3.0,3.0,2.5,3.06,3.19,2.44
59,3,2.0,3.6,4.0,1.99,3.61,4.15,1.95,3.5,3.8,1.97,3.48,3.95
60,1,4.5,4.0,1.8,4.55,3.97,1.83,4.0,3.75,1.85,4.26,3.81,1.82
61,3,1.53,4.33,7.0,1.53,4.28,7.48,1.53,3.8,7.0,1.52,4.13,6.81
62,3,1.2,7.5,16.0,1.23,6.9,16.7,1.22,6.0,13.0,1.21,6.57,13.85
63,2,6.0,4.2,1.62,5.98,4.16,1.63,6.0,3.6,1.62,5.62,3.94,1.62
64,3,2.05,3.4,4.2,2.04,3.51,4.07,2.05,3.1,4.0,2.03,3.37,3.86
65,3,2.55,3.3,3.0,2.47,3.46,3.06,2.5,3.1,3.0,2.48,3.31,2.9
66,3,4.2,3.8,1.91,4.03,3.82,1.96,4.0,3.4,1.95,3.94,3.62,1.93
67,2,2.25,3.5,3.4,2.22,3.54,3.49,2.3,3.2,3.2,2.22,3.4,3.28
68,1,2.5,3.3,3.1,2.49,3.36,3.12,2.5,3.1,3.0,2.48,3.25,2.96
69,1,3.1,3.3,2.5,3.06,3.39,2.51,3.1,3.0,2.5,2.98,3.25,2.47
70,1,2.5,3.3,3.1,2.5,3.34,3.11,2.5,3.2,2.9,2.47,3.23,2.99
71,2,2.1,3.5,3.8,2.13,3.54,3.72,2.15,3.0,3.75,2.1,3.39,3.62
72,1,1.83,3.7,4.8,1.83,3.76,4.84,1.83,3.2,4.8,1.8,3.63,4.61
73,3,1.83,3.6,5.0,1.84,3.65,4.93,1.85,3.1,5.0,1.81,3.49,4.74
74,3,1.25,7.0,13.0,1.24,6.9,13.8,1.25,6.0,13.0,1.23,6.59,12.3
75,1,2.3,3.5,3.3,2.26,3.63,3.31,2.25,3.4,3.1,2.25,3.46,3.15
76,2,3.2,3.4,2.4,3.13,3.46,2.43,2.9,3.4,2.38,3.05,3.34,2.37
77,3,2.0,3.8,3.8,2.06,3.67,3.81,1.95,3.6,3.75,2.01,3.59,3.69
78,2,2.7,3.4,2.8,2.75,3.42,2.75,2.75,2.8,2.9,2.66,3.27,2.74
79,2,2.75,3.25,2.8,2.72,3.33,2.84,2.62,3.25,2.7,2.66,3.28,2.7
80,3,1.33,5.75,10.0,1.34,5.41,11.0,1.36,4.8,8.5,1.34,5.13,9.41
81,1,2.0,3.6,4.0,2.01,3.67,3.99,2.05,3.3,3.75,1.98,3.54,3.8
82,1,3.25,3.4,2.38,3.23,3.4,2.4,3.2,3.0,2.4,3.15,3.29,2.35
83,3,1.33,5.75,10.0,1.34,5.58,10.6,1.36,4.8,8.5,1.33,5.23,9.31
84,2,1.75,4.0,5.0,1.76,3.88,5.1,1.8,3.25,5.0,1.75,3.75,4.71
85,2,2.5,3.5,3.0,2.48,3.54,2.99,2.5,3.3,3.0,2.43,3.4,2.91
86,1,6.0,4.2,1.62,6.29,4.31,1.59,6.0,3.6,1.62,5.76,4.06,1.59
87,3,2.05,3.4,4.2,2.08,3.42,4.07,2.1,3.0,4.0,2.03,3.28,3.95
88,3,2.6,3.4,2.88,2.58,3.44,2.93,2.62,3.1,2.8,2.54,3.33,2.8
89,1,2.05,3.4,4.2,2.08,3.41,4.06,2.05,3.1,4.0,2.03,3.33,3.88
90,3,1.44,4.75,8.0,1.43,5.07,8.2,1.44,4.0,8.0,1.42,4.75,7.55
91,1,3.0,3.3,2.6,3.09,3.22,2.59,3.0,2.9,2.62,2.94,3.15,2.56
92,3,2.2,3.6,3.4,2.21,3.56,3.48,2.3,2.9,3.5,2.21,3.41,3.31
93,1,2.0,3.5,4.2,2.02,3.49,4.18,2.05,3.1,4.0,2.0,3.39,3.97
94,1,2.1,3.3,4.0,2.1,3.38,4.03,2.15,3.1,3.6,2.09,3.26,3.79
95,3,4.0,3.8,1.95,3.91,3.74,2.01,4.0,3.2,2.0,3.81,3.61,1.97
96,1,3.4,3.5,2.25,3.58,3.42,2.23,3.5,3.0,2.25,3.38,3.32,2.22
97,2,2.05,3.6,3.8,2.08,3.56,3.87,2.1,3.3,3.9,2.05,3.43,3.74
98,2,2.6,3.5,2.8,2.59,3.41,2.93,2.7,3.2,2.88,2.57,3.35,2.8
99,3,2.6,3.4,2.9,2.57,3.41,2.96,2.62,3.1,3.0,2.53,3.31,2.86
100,1,2.1,3.5,3.75,2.07,3.54,3.92,2.1,3.2,3.75,2.07,3.36,3.73
101,2,3.8,3.5,2.1,4.02,3.46,2.08,4.0,3.0,2.1,3.77,3.35,2.06
102,3,1.29,6.0,12.0,1.3,6.22,11.03,1.29,5.0,12.0,1.28,5.81,10.45
103,2,2.4,3.4,3.2,2.39,3.43,3.24,2.4,3.1,3.1,2.35,3.31,3.12
104,1,5.0,4.0,1.75,5.05,3.93,1.76,5.0,3.5,1.75,4.8,3.82,1.73
105,3,2.6,3.4,2.9,2.6,3.38,2.94,2.62,3.1,2.8,2.52,3.28,2.87
106,1,2.9,3.4,2.6,2.84,3.36,2.7,2.9,3.0,2.62,2.82,3.25,2.58
107,3,1.5,4.5,7.5,1.49,4.61,7.5,1.53,3.8,7.0,1.49,4.31,7.06
108,3,1.55,4.33,6.5,1.55,4.37,6.88,1.57,3.8,6.0,1.54,4.17,6.29
109,3,1.44,4.75,8.0,1.43,4.8,9.0,1.44,4.2,8.0,1.42,4.52,8.11
110,1,2.25,3.5,3.4,2.18,3.56,3.57,2.25,3.1,3.4,2.2,3.44,3.3
111,3,1.85,3.8,4.5,1.88,3.79,4.43,1.83,3.2,4.33,1.84,3.67,4.3
112,3,1.33,5.25,12.0,1.34,5.25,12.05,1.36,4.0,12.0,1.33,4.91,10.69
113,3,2.45,3.4,3.1,2.46,3.47,3.06,2.5,3.1,2.9,2.45,3.31,2.94
114,3,3.8,3.6,2.05,3.96,3.51,2.07,3.75,3.1,2.1,3.74,3.38,2.06
115,1,4.75,3.8,1.8,4.79,3.81,1.82,5.0,3.2,1.8,4.63,3.66,1.78
116,2,2.6,3.5,2.8,2.58,3.49,2.89,2.62,3.1,2.8,2.53,3.4,2.78
117,2,1.73,4.0,5.0,1.7,4.18,5.21,1.75,3.4,5.0,1.69,3.95,4.85
118,2,7.5,5.0,1.44,8.15,4.93,1.44,8.0,4.0,1.44,7.29,4.58,1.44
119,1,1.67,3.8,6.0,1.68,3.99,5.73,1.7,3.2,6.0,1.66,3.8,5.39
120,3,1.4,5.0,9.0,1.43,4.86,8.78,1.4,4.5,8.0,1.42,4.62,8.04
121,3,1.57,4.2,6.5,1.57,4.2,6.8,1.57,3.8,6.0,1.57,4.0,6.21
122,1,1.7,4.0,5.5,1.67,4.15,5.56,1.7,3.5,5.5,1.66,3.94,5.28
123,1,2.88,3.6,2.5,2.85,3.55,2.58,2.75,3.25,2.6,2.79,3.44,2.51
124,1,1.57,4.0,7.0,1.61,4.06,6.5,1.62,3.5,6.5,1.59,3.88,6.23
125,2,1.91,3.6,4.5,1.91,3.59,4.6,1.95,3.1,4.5,1.89,3.47,4.34
126,1,4.33,3.4,2.0,4.14,3.38,2.07,4.0,3.1,2.05,4.07,3.29,2.01
127,3,7.0,4.33,1.53,6.68,4.29,1.57,6.5,4.0,1.53,6.4,4.18,1.54
128,3,1.57,4.2,6.5,1.55,4.43,6.78,1.6,3.75,6.0,1.55,4.15,6.22
129,1,1.57,4.0,7.0,1.56,4.31,6.77,1.6,3.4,7.0,1.55,3.99,6.5
130,1,2.75,3.3,2.8,2.77,3.25,2.85,2.7,3.1,2.7,2.69,3.13,2.79
131,2,2.9,3.6,2.5,2.95,3.53,2.51,2.9,3.2,2.5,2.87,3.41,2.45
132,3,1.7,3.9,5.5,1.69,4.04,5.53,1.73,3.5,5.0,1.69,3.83,5.09
133,2,3.1,3.5,2.4,3.26,3.45,2.36,3.1,3.1,2.4,3.13,3.35,2.34
134,3,1.6,4.33,6.0,1.58,4.4,6.28,1.57,3.8,6.0,1.57,4.19,5.9
135,3,3.2,3.3,2.45,3.16,3.28,2.51,3.1,3.1,2.4,3.1,3.19,2.41
136,3,1.44,4.75,8.0,1.48,4.55,7.95,1.5,4.0,7.0,1.46,4.37,7.36
137,2,6.0,4.2,1.62,5.62,4.34,1.63,5.5,4.0,1.57,5.51,4.15,1.6
138,2,2.6,3.4,2.9,2.58,3.49,2.89,2.5,3.2,2.9,2.54,3.34,2.81
139,2,2.05,3.5,4.0,2.1,3.41,3.98,2.05,3.3,3.75,2.05,3.33,3.83
140,3,1.29,6.0,13.0,1.28,6.14,13.53,1.29,5.0,12.0,1.27,5.76,12.07
141,1,1.36,5.25,9.5,1.38,5.23,9.75,1.36,4.5,9.0,1.37,4.91,8.83
142,2,1.44,4.5,9.0,1.43,4.7,9.06,1.44,3.8,9.0,1.43,4.38,8.4
143,2,1.5,4.5,7.5,1.52,4.37,7.57,1.53,3.6,7.5,1.49,4.17,7.13
144,3,5.25,4.0,1.7,5.25,4.06,1.71,5.5,3.4,1.7,5.07,3.87,1.69
145,1,2.7,3.4,2.75,2.68,3.44,2.8,2.8,3.1,2.62,2.66,3.35,2.68
146,3,2.15,3.5,3.6,2.16,3.48,3.7,2.15,3.1,3.6,2.13,3.36,3.52
147,2,4.75,3.6,1.85,4.75,3.69,1.85,4.5,3.1,1.91,4.45,3.5,1.86
148,3,5.75,4.33,1.62,5.75,4.35,1.62,5.5,3.75,1.62,5.58,4.1,1.6
149,2,2.1,3.6,3.75,2.06,3.63,3.88,2.0,3.3,3.75,2.03,3.49,3.68
150,3,3.4,3.4,2.3,3.46,3.39,2.29,3.2,3.2,2.3,3.33,3.28,2.26
151,3,2.6,3.3,3.0,2.55,3.32,3.06,2.5,3.1,3.0,2.52,3.22,2.92
152,3,1.3,6.0,11.0,1.32,5.9,10.9,1.33,4.8,10.0,1.3,5.56,10.18
153,2,2.9,3.5,2.55,2.92,3.56,2.52,2.9,3.2,2.5,2.85,3.4,2.48
154,1,2.9,3.3,2.63,2.86,3.31,2.71,2.75,3.0,2.75,2.8,3.2,2.64
155,2,2.63,3.3,2.9,2.63,3.33,2.94,2.62,3.1,2.8,2.55,3.19,2.89
156,1,6.5,4.2,1.57,6.24,4.24,1.6,6.5,3.75,1.57,6.1,4.06,1.57
157,2,1.4,4.75,10.0,1.45,4.59,9.0,1.4,4.33,9.0,1.41,4.42,8.84
158,1,1.36,5.5,9.0,1.39,5.32,9.0,1.4,4.33,9.0,1.37,4.96,8.4
159,3,3.2,3.5,2.35,3.11,3.59,2.38,3.2,3.2,2.3,3.07,3.4,2.33
160,3,1.33,5.25,12.0,1.32,5.69,11.8,1.3,5.0,11.0,1.31,5.32,10.91
161,1,2.1,3.75,3.6,2.07,3.8,3.65,2.1,3.3,3.5,2.05,3.61,3.51
162,1,1.45,4.5,8.5,1.47,4.5,8.45,1.44,4.2,8.0,1.45,4.35,7.74
163,2,2.05,3.5,4.0,2.03,3.58,4.02,2.0,3.2,4.0,2.0,3.41,3.91
164,1,2.7,3.4,2.8,2.66,3.44,2.83,2.7,3.1,2.7,2.62,3.27,2.77
165,1,2.5,3.2,3.2,2.51,3.3,3.14,2.4,3.1,3.1,2.44,3.19,3.07
166,1,2.55,3.3,3.0,2.64,3.27,2.98,2.6,3.1,2.8,2.53,3.22,2.91
167,2,2.1,3.4,3.9,2.1,3.46,3.92,2.15,3.25,3.5,2.07,3.35,3.74
168,3,4.2,3.6,1.95,4.14,3.55,2.01,4.0,3.2,2.0,4.02,3.43,1.96
169,3,2.45,3.5,3.0,2.38,3.58,3.12,2.4,3.1,3.1,2.37,3.45,2.99
170,2,2.63,3.25,2.75,2.66,3.29,2.94,2.7,3.1,2.7,2.63,3.15,2.83
171,2,2.4,3.3,3.0,2.48,3.45,3.06,2.5,3.2,2.9,2.42,3.33,2.98
172,2,1.44,4.5,7.5,1.52,4.52,7.14,1.44,4.2,8.0,1.49,4.29,7.03
173,3,1.91,3.8,3.8,1.95,3.87,4.0,1.95,3.5,3.8,1.93,3.72,3.81
174,3,1.2,7.0,13.0,1.21,7.65,16.0,1.22,6.0,13.0,1.21,6.91,13.59
175,1,3.2,3.5,2.2,3.37,3.58,2.25,3.25,3.3,2.25,3.24,3.45,2.22
176,3,3.6,3.5,2.05,3.6,3.53,2.18,3.6,3.3,2.1,3.51,3.41,2.11
177,3,3.25,3.2,2.3,3.33,3.31,2.4,3.1,3.1,2.4,3.21,3.17,2.36
178,3,1.91,3.4,4.5,1.96,3.42,4.58,2.05,3.1,4.0,1.96,3.3,4.23
179,3,1.4,4.75,8.0,1.46,4.77,8.0,1.44,4.2,8.0,1.43,4.55,7.7
180,3,1.44,4.75,8.0,1.45,4.86,8.07,1.36,4.8,8.5,1.43,4.58,7.76
181,2,2.1,3.4,4.0,2.09,3.41,4.03,1.91,3.5,4.0,2.07,3.31,3.8
182,1,1.95,3.6,4.2,1.95,3.63,4.3,1.95,3.5,3.8,1.93,3.51,4.11
183,2,2.6,3.3,3.0,2.6,3.38,2.95,2.62,3.1,3.0,2.55,3.22,2.91
184,3,2.05,3.6,3.8,2.05,3.53,4.02,2.05,3.4,3.6,2.04,3.42,3.78
185,1,3.75,3.5,2.1,3.92,3.55,2.07,3.5,3.25,2.15,3.65,3.42,2.08
186,3,2.2,3.25,3.75,2.18,3.35,3.8,2.25,3.2,3.3,2.16,3.26,3.58
187,3,3.6,3.4,2.2,3.57,3.41,2.24,3.4,3.2,2.2,3.44,3.26,2.22
188,2,4.33,4.0,1.85,4.25,4.1,1.85,3.75,3.75,1.91,4.12,3.87,1.83
189,1,5.5,3.9,1.7,5.51,3.91,1.71,4.75,3.6,1.75,5.22,3.74,1.7
190,3,1.29,6.5,11.0,1.27,6.47,12.81,1.3,5.0,11.0,1.27,5.87,11.2
191,2,1.91,3.75,4.33,1.94,3.75,4.18,1.95,3.4,4.0,1.92,3.58,4.02
192,3,1.55,4.2,7.0,1.52,4.28,7.66,1.57,3.6,7.0,1.53,4.0,6.89
193,3,3.2,3.4,2.4,3.13,3.49,2.42,3.1,3.2,2.38,3.07,3.34,2.36
194,3,2.5,3.25,3.2,2.49,3.34,3.14,2.4,3.1,3.1,2.45,3.18,3.04
195,1,5.0,4.0,1.75,5.14,4.11,1.72,5.0,3.6,1.73,4.87,3.88,1.71
196,3,2.8,3.2,2.8,2.81,3.2,2.84,2.8,3.1,2.62,2.74,3.09,2.77
197,3,4.0,3.5,2.05,3.97,3.62,2.03,3.8,3.4,2.0,3.86,3.42,2.01
198,1,3.8,3.5,2.1,3.98,3.49,2.07,3.75,3.2,2.1,3.79,3.35,2.06
199,2,2.8,3.5,2.63,2.78,3.59,2.62,2.7,3.1,2.7,2.71,3.4,2.59
200,3,3.2,3.25,2.45,3.2,3.25,2.5,3.1,3.0,2.5,3.11,3.15,2.45
201,1,2.0,3.6,4.0,2.01,3.65,4.02,2.0,3.4,3.8,1.98,3.51,3.9
202,2,5.0,3.7,1.8,5.05,3.8,1.79,5.0,3.3,1.8,4.87,3.62,1.78
203,2,1.44,4.5,9.0,1.46,4.58,8.54,1.44,4.2,8.0,1.44,4.32,8.24
204,2,2.88,3.4,2.6,2.84,3.58,2.57,2.9,3.2,2.5,2.83,3.37,2.51
205,2,1.53,4.75,6.0,1.52,4.88,6.44,1.53,4.0,6.5,1.5,4.56,6.19
206,3,1.95,3.5,4.33,2.0,3.51,4.25,2.0,3.2,4.0,1.98,3.38,4.03
207,3,2.05,3.3,4.2,2.01,3.44,4.31,2.05,3.1,4.0,2.0,3.32,4.03
208,1,1.8,3.6,5.25,1.78,3.71,5.32,1.8,3.4,4.8,1.76,3.57,4.97
209,1,1.75,3.8,5.25,1.75,3.95,5.09,1.8,3.5,4.5,1.75,3.75,4.78
210,2,3.6,3.4,2.2,3.75,3.44,2.16,3.4,3.1,2.25,3.52,3.31,2.16
211,3,1.91,3.6,4.5,1.89,3.68,4.54,1.95,3.1,4.33,1.88,3.49,4.35
212,2,1.83,3.75,4.75,1.81,3.97,4.65,1.75,3.5,4.8,1.79,3.77,4.49
213,3,1.4,5.25,8.5,1.39,5.34,8.88,1.4,4.2,9.0,1.38,5.01,8.13
214,3,2.5,3.4,3.0,2.55,3.5,2.92,2.62,3.1,2.75,2.5,3.34,2.86
215,3,1.73,3.75,5.5,1.71,3.73,5.95,1.75,3.25,5.5,1.71,3.6,5.46
216,3,1.36,5.25,9.5,1.35,5.48,10.2,1.4,4.0,10.0,1.35,5.0,9.24
217,1,2.3,3.25,3.5,2.34,3.37,3.37,2.4,3.1,3.1,2.29,3.24,3.29
218,2,4.33,3.6,1.95,4.29,3.61,1.96,4.33,3.1,1.95,4.11,3.47,1.93
219,3,2.38,3.25,3.4,2.42,3.31,3.28,2.5,3.1,2.9,2.39,3.2,3.15
220,1,3.6,3.5,2.15,3.63,3.4,2.22,3.3,3.3,2.2,3.48,3.3,2.18
221,3,2.1,3.5,3.8,2.07,3.48,4.0,2.05,3.25,3.8,2.04,3.36,3.83
222,1,1.91,3.5,4.75,1.91,3.45,4.84,1.91,3.2,4.5,1.88,3.37,4.55
223,1,4.33,3.5,1.95,4.35,3.5,1.98,4.33,3.25,1.91,4.08,3.42,1.96
224,2,3.0,3.4,2.5,3.06,3.34,2.54,3.0,3.0,2.5,2.94,3.26,2.48
225,3,2.05,3.5,4.0,2.07,3.54,3.93,2.1,3.2,3.75,2.05,3.39,3.75
226,2,2.1,3.3,4.0,2.17,3.28,3.92,2.1,3.0,4.0,2.13,3.17,3.82
227,2,5.0,4.0,1.73,5.19,4.09,1.71,5.0,3.6,1.73,4.98,3.87,1.7
228,1,2.1,3.5,3.9,2.06,3.62,3.87,2.1,3.2,3.75,2.04,3.43,3.76
229,1,1.73,3.8,5.5,1.69,3.92,5.77,1.67,3.6,5.5,1.68,3.75,5.31
230,2,1.75,3.75,5.25,1.76,3.72,5.39,1.8,3.2,5.0,1.76,3.58,5.0
231,1,2.45,3.3,3.2,2.48,3.25,3.23,2.5,3.1,3.0,2.42,3.19,3.12
232,3,2.63,3.4,2.88,2.62,3.44,2.88,2.62,3.1,2.8,2.58,3.28,2.81
233,3,1.7,3.75,5.75,1.68,3.82,6.17,1.67,3.5,6.0,1.67,3.67,5.73
234,1,4.5,3.75,1.85,4.57,3.79,1.85,4.5,3.4,1.83,4.37,3.64,1.84
235,1,8.0,4.75,1.45,7.5,4.73,1.48,7.0,4.0,1.5,7.06,4.49,1.47
236,2,2.63,3.1,3.1,2.68,3.04,3.14,2.62,3.0,2.9,2.61,3.01,3.01
237,3,1.91,3.5,4.75,1.89,3.57,4.69,1.91,3.2,4.33,1.88,3.46,4.42
238,3,1.65,4.2,5.5,1.68,4.27,5.23,1.67,3.8,5.0,1.65,4.03,5.12
239,2,4.33,3.5,1.95,4.32,3.43,2.01,4.0,3.25,2.0,4.1,3.36,1.98
240,3,2.45,3.2,3.3,2.44,3.27,3.28,2.4,3.1,3.1,2.38,3.18,3.18
241,2,1.44,4.75,8.5,1.45,4.71,8.42,1.44,4.2,8.0,1.44,4.46,7.82
242,1,1.62,4.2,6.0,1.61,4.26,6.14,1.62,3.6,6.0,1.6,4.06,5.75
243,3,2.15,3.4,3.8,2.22,3.33,3.71,2.2,3.3,3.3,2.14,3.28,3.63
244,3,1.73,3.8,5.5,1.77,3.74,5.33,1.75,3.5,5.0,1.73,3.64,5.14
245,1,2.7,3.4,2.8,2.66,3.36,2.88,2.62,3.1,2.8,2.6,3.28,2.79
246,2,2.25,3.3,3.6,2.26,3.28,3.67,2.25,3.1,3.4,2.23,3.2,3.49
247,3,1.5,4.33,8.0,1.51,4.39,7.73,1.5,4.0,7.0,1.49,4.22,7.19
248,1,3.8,3.5,2.1,3.84,3.58,2.08,4.0,3.2,2.0,3.72,3.41,2.05
249,2,2.15,3.3,3.9,2.1,3.37,4.04,2.1,3.1,3.8,2.09,3.26,3.83
250,1,2.05,3.4,4.1,2.07,3.44,4.06,2.05,3.1,4.0,2.05,3.35,3.82
251,3,1.44,4.75,8.0,1.46,4.79,7.95,1.44,4.2,8.0,1.44,4.55,7.42
252,1,2.25,3.3,3.6,2.24,3.28,3.71,2.3,3.1,3.3,2.23,3.2,3.51
253,1,1.53,4.2,7.5,1.52,4.33,7.65,1.53,3.75,7.0,1.52,4.13,6.82
254,2,2.38,3.4,3.25,2.43,3.42,3.16,2.5,3.2,2.9,2.41,3.33,3.02
255,3,5.25,3.75,1.75,5.1,3.74,1.79,5.0,3.3,1.8,5.0,3.6,1.76
256,1,3.2,3.25,2.5,3.24,3.26,2.47,3.0,3.1,2.5,3.11,3.18,2.43
257,3,1.75,4.0,5.0,1.71,4.16,5.08,1.75,3.8,4.5,1.72,3.95,4.71
258,1,4.75,3.6,1.85,4.89,3.59,1.86,4.5,3.4,1.85,4.59,3.49,1.84
259,1,2.1,3.75,3.6,2.06,3.66,3.82,2.1,3.3,3.6,2.06,3.53,3.61
260,3,1.5,4.33,6.0,1.57,4.42,6.32,1.5,4.2,6.5,1.54,4.24,6.11
261,1,2.8,3.25,2.5,2.9,3.37,2.65,2.75,3.2,2.62,2.83,3.22,2.58
262,3,1.62,3.75,5.5,1.69,3.74,6.16,1.67,3.4,6.0,1.67,3.63,5.67
263,2,2.38,3.25,3.0,2.45,3.31,3.22,2.38,3.25,3.0,2.37,3.22,3.1
264,3,2.6,3.1,2.8,2.84,3.13,2.87,2.6,3.0,2.9,2.7,3.07,2.81
265,3,1.8,3.5,4.5,1.85,3.75,4.7,1.83,3.6,4.2,1.84,3.58,4.39
266,3,1.4,4.2,9.0,1.48,4.5,8.27,1.44,4.2,7.5,1.45,4.27,7.83
267,3,3.0,3.25,2.38,3.32,3.32,2.39,3.3,3.2,2.25,3.17,3.21,2.37
268,1,4.5,3.6,1.91,4.44,3.69,1.91,4.5,3.4,1.85,4.4,3.53,1.87
269,3,2.9,3.25,2.7,2.91,3.3,2.68,2.88,3.1,2.62,2.87,3.17,2.63
270,2,1.73,3.8,5.5,1.73,3.84,5.5,1.7,3.5,5.5,1.7,3.67,5.44
271,1,5.25,4.0,1.7,5.31,4.08,1.7,5.5,3.6,1.67,5.26,3.89,1.68
272,2,2.5,3.3,3.1,2.48,3.36,3.13,2.5,3.1,3.0,2.46,3.24,3.03
273,1,1.36,5.25,10.0,1.37,5.21,10.28,1.36,4.8,8.5,1.36,4.9,9.25
274,3,2.63,3.4,2.88,2.64,3.5,2.81,2.62,3.2,2.8,2.57,3.33,2.79
275,3,1.67,3.8,6.0,1.66,3.92,6.21,1.67,3.4,6.0,1.65,3.71,5.87
276,3,2.0,3.5,4.2,2.03,3.53,4.1,1.95,3.4,4.0,1.97,3.39,4.07
277,3,4.0,3.6,2.0,4.03,3.64,2.01,4.0,3.2,2.0,3.89,3.47,1.99
278,2,1.5,4.5,7.5,1.52,4.44,7.28,1.53,3.75,7.0,1.5,4.23,6.89
279,1,1.73,4.0,5.0,1.71,4.11,5.17,1.75,3.5,5.0,1.7,3.91,4.93
280,3,1.22,7.0,15.0,1.22,7.08,16.27,1.22,5.5,17.0,1.21,6.67,14.95
281,1,2.63,3.4,2.88,2.74,3.4,2.77,2.62,3.1,2.8,2.63,3.3,2.74
282,2,1.6,4.0,6.5,1.63,4.04,6.29,1.62,3.6,6.0,1.59,3.88,6.19
283,3,2.05,3.5,4.0,2.04,3.47,4.13,2.05,3.1,4.0,2.0,3.38,3.99
284,2,2.38,3.4,3.25,2.39,3.54,3.13,2.4,3.1,3.1,2.36,3.38,3.08
285,1,3.0,3.4,2.55,3.01,3.33,2.58,2.8,3.1,2.62,2.94,3.25,2.5
286,1,3.8,3.5,2.1,3.71,3.5,2.15,3.75,3.1,2.15,3.63,3.39,2.1
287,3,4.33,3.4,2.0,4.24,3.42,2.03,4.0,3.2,2.0,4.1,3.32,1.99
288,3,1.95,3.5,4.33,1.96,3.49,4.47,2.0,3.2,4.0,1.95,3.34,4.26
289,2,6.0,4.2,1.6,6.0,4.2,1.63,6.0,3.6,1.62,5.86,4.0,1.6
290,1,2.7,3.2,2.9,2.73,3.22,2.91,2.7,3.1,2.7,2.68,3.14,2.8
291,1,7.5,4.5,1.5,7.27,4.41,1.52,7.0,4.0,1.5,6.97,4.26,1.49
292,3,1.57,4.33,6.25,1.62,4.29,5.92,1.62,3.6,6.0,1.59,4.08,5.76
293,2,1.75,3.8,5.25,1.76,3.9,5.1,1.73,3.6,5.0,1.72,3.78,4.89
294,1,3.0,3.4,2.5,2.96,3.35,2.6,3.0,3.1,2.5,2.93,3.26,2.48
295,1,2.7,3.5,2.7,2.67,3.64,2.69,2.5,3.6,2.6,2.62,3.48,2.63
296,3,1.67,3.8,6.0,1.73,3.81,5.55,1.67,3.4,6.0,1.66,3.73,5.58
297,1,2.4,3.25,3.3,2.4,3.27,3.36,2.5,3.0,3.1,2.39,3.16,3.17
298,1,2.25,3.3,3.6,2.31,3.24,3.6,2.25,3.2,3.3,2.23,3.2,3.45
299,1,1.83,3.75,4.75,1.86,3.75,4.61,1.85,3.4,4.5,1.83,3.62,4.42
300,2,2.1,3.5,3.8,2.13,3.43,3.85,2.2,3.1,3.5,2.11,3.34,3.61
301,3,2.63,3.4,2.88,2.71,3.29,2.88,2.75,3.0,2.75,2.61,3.21,2.81
302,3,1.53,4.33,7.0,1.56,4.41,6.57,1.57,3.75,6.5,1.53,4.24,6.2
303,3,1.36,5.25,10.0,1.36,5.4,9.82,1.36,4.8,8.5,1.35,5.03,9.07
304,1,6.5,4.33,1.57,6.46,4.12,1.6,6.5,3.75,1.57,6.14,3.98,1.58
305,1,3.75,3.6,2.1,3.7,3.65,2.1,3.75,3.3,2.05,3.62,3.5,2.05
306,2,2.5,3.4,3.0,2.49,3.5,3.01,2.6,3.0,2.9,2.47,3.34,2.91
307,3,2.2,3.4,3.6,2.19,3.41,3.7,2.25,3.25,3.2,2.18,3.29,3.48
308,2,2.2,3.4,3.6,2.17,3.39,3.8,2.2,3.3,3.3,2.16,3.28,3.58
309,2,2.1,3.3,4.0,2.11,3.36,4.0,2.05,3.1,4.0,2.08,3.27,3.81
310,2,1.95,3.6,4.2,1.95,3.65,4.29,2.0,3.2,4.0,1.95,3.51,4.01
311,3,2.25,3.4,3.5,2.27,3.35,3.56,2.3,3.2,3.2,2.21,3.29,3.42
312,3,2.1,3.5,3.75,2.11,3.47,3.89,2.1,3.1,3.8,2.06,3.38,3.76
313,1,3.4,3.2,2.2,3.64,3.47,2.19,3.5,3.25,2.15,3.47,3.35,2.15
314,3,2.05,3.4,3.6,2.13,3.36,3.95,2.0,3.4,3.8,2.07,3.33,3.73
315,3,1.33,5.0,9.0,1.35,5.42,10.72,1.33,4.8,10.0,1.33,5.08,9.94
316,3,1.53,4.0,6.0,1.58,4.23,6.56,1.57,3.75,6.5,1.56,4.0,6.14
317,3,3.75,3.4,2.0,3.96,3.5,2.08,3.8,3.3,2.0,3.77,3.36,2.05
318,2,3.4,3.3,2.15,3.47,3.41,2.28,3.5,3.25,2.15,3.35,3.32,2.21
319,2,3.6,3.5,2.0,3.9,3.77,2.01,3.5,3.6,2.0,3.72,3.61,1.98
320,3,1.55,4.0,5.75,1.61,4.28,6.11,1.6,3.75,6.0,1.59,3.99,5.8
321,1,3.4,3.4,2.1,3.51,3.5,2.23,3.5,3.25,2.15,3.41,3.37,2.17
322,3,1.91,3.5,4.0,1.92,3.65,4.44,1.95,3.5,3.8,1.91,3.5,4.13
323,2,2.9,3.4,2.6,2.89,3.48,2.59,2.8,3.1,2.6,2.85,3.3,2.52
324,1,2.75,3.4,2.7,2.72,3.54,2.7,2.7,3.1,2.7,2.67,3.36,2.65
325,2,2.7,3.4,2.8,2.66,3.39,2.85,2.7,3.1,2.7,2.59,3.29,2.79
326,3,1.22,7.0,17.0,1.26,6.35,14.88,1.25,5.5,13.0,1.23,6.04,14.93
327,3,2.3,3.4,3.4,2.28,3.47,3.4,2.3,3.2,3.2,2.27,3.33,3.25
328,1,2.4,3.3,3.25,2.33,3.41,3.35,2.4,3.1,3.1,2.34,3.27,3.18
329,1,2.4,3.2,3.4,2.36,3.23,3.49,2.4,3.1,3.1,2.34,3.14,3.31
330,2,1.33,5.75,9.5,1.36,5.52,9.56,1.35,4.8,9.0,1.34,5.2,9.06
331,1,3.6,3.5,2.15,3.71,3.52,2.14,3.5,3.25,2.15,3.46,3.42,2.13
332,2,1.95,3.6,4.2,1.92,3.75,4.3,1.91,3.3,4.2,1.91,3.57,4.08
333,1,4.5,3.75,1.85,4.81,3.74,1.83,4.5,3.4,1.85,4.46,3.62,1.82
334,2,6.0,4.5,1.57,6.29,4.44,1.57,6.0,3.8,1.57,5.86,4.24,1.57
335,3,1.73,4.0,5.0,1.7,4.13,5.22,1.7,3.6,5.0,1.69,4.0,4.85
336,3,1.53,4.33,7.0,1.54,4.25,7.45,1.53,3.8,7.0,1.53,4.09,6.68
337,3,1.57,4.33,6.5,1.56,4.37,6.74,1.53,4.0,6.5,1.54,4.16,6.3
338,3,1.29,6.0,13.0,1.25,6.45,14.75,1.29,5.0,12.0,1.25,5.87,12.76
339,1,7.5,4.2,1.53,6.61,4.2,1.58,7.0,3.6,1.57,6.65,3.99,1.54
340,1,3.1,3.5,2.4,3.09,3.6,2.39,3.1,3.1,2.4,2.99,3.43,2.35
341,2,1.57,4.5,6.0,1.57,4.58,6.05,1.6,4.0,5.5,1.55,4.27,5.8
342,3,1.3,6.0,11.0,1.31,5.91,11.67,1.33,5.0,9.0,1.3,5.5,10.42
343,3,1.75,3.7,5.5,1.74,3.79,5.54,1.75,3.5,5.0,1.73,3.6,5.17
344,2,4.5,4.0,1.8,4.89,4.02,1.76,4.5,3.5,1.8,4.64,3.8,1.76
345,2,1.22,7.0,15.0,1.24,6.82,15.4,1.25,5.5,13.0,1.22,6.19,14.03
346,3,1.29,6.5,11.0,1.27,6.28,13.26,1.29,5.0,12.0,1.26,5.99,11.81
347,3,2.0,3.8,3.8,2.0,3.8,3.89,2.05,3.1,4.0,1.98,3.67,3.69
348,3,2.0,3.6,4.0,2.03,3.54,4.08,2.05,3.1,4.0,1.99,3.47,3.87
349,2,2.75,3.3,2.8,2.75,3.3,2.83,2.62,3.1,2.8,2.68,3.2,2.74
350,3,1.7,3.8,5.75,1.74,3.95,5.23,1.7,3.5,5.5,1.7,3.74,5.16
351,1,4.0,3.4,2.1,4.06,3.49,2.05,3.7,3.2,2.1,3.82,3.38,2.04
352,2,2.1,3.4,3.9,2.07,3.45,4.04,2.15,3.1,3.6,2.05,3.34,3.8
353,3,2.8,3.4,2.7,2.73,3.44,2.75,2.75,3.1,2.7,2.68,3.34,2.65
354,3,3.1,3.5,2.4,3.15,3.56,2.37,3.1,3.1,2.4,3.05,3.39,2.34
355,2,2.75,3.6,2.63,2.72,3.56,2.69,2.75,3.1,2.7,2.68,3.43,2.59
356,2,5.75,4.2,1.65,5.39,4.17,1.68,6.0,3.6,1.62,5.45,3.98,1.63
357,2,1.95,3.6,4.2,1.96,3.54,4.38,1.91,3.2,4.33,1.92,3.47,4.19
358,3,2.05,3.5,3.9,2.07,3.53,3.93,2.1,3.25,3.6,2.03,3.42,3.78
359,3,1.91,4.0,4.0,1.91,3.98,4.07,1.91,3.2,4.33,1.87,3.74,4.06
360,1,4.5,3.6,1.91,4.59,3.68,1.88,4.5,3.1,1.91,4.39,3.52,1.87
361,3,3.0,3.5,2.45,3.02,3.55,2.45,3.0,3.2,2.38,2.89,3.44,2.43
362,1,1.44,4.75,8.0,1.43,4.96,8.34,1.44,4.33,7.0,1.43,4.62,7.48
363,3,1.5,4.5,7.5,1.54,4.65,6.48,1.5,4.0,7.0,1.49,4.42,6.55
364,2,2.5,3.6,2.9,2.54,3.53,2.92,2.5,3.1,2.9,2.48,3.43,2.81
365,1,2.05,3.6,3.9,2.03,3.71,3.88,1.91,3.4,4.0,1.98,3.58,3.78
366,3,3.0,3.5,2.45,3.01,3.56,2.46,3.0,3.25,2.4,2.96,3.41,2.43
367,2,2.0,3.8,3.8,2.02,3.86,3.76,1.95,3.5,3.75,1.97,3.69,3.71
368,3,1.83,3.75,4.75,1.85,3.82,4.6,1.8,3.3,5.0,1.82,3.66,4.43
369,3,1.75,4.0,5.0,1.75,4.0,5.05,1.73,3.5,5.0,1.73,3.83,4.82
370,3,1.17,9.0,17.0,1.17,9.35,18.0,1.14,7.5,19.0,1.15,8.01,17.22
371,2,2.3,3.75,3.1,2.33,3.76,3.07,2.3,3.3,3.1,2.28,3.58,3.02
372,3,1.8,4.0,4.5,1.75,4.33,4.58,1.75,3.75,4.5,1.75,4.0,4.36
373,3,4.5,4.0,1.8,4.54,4.16,1.79,4.5,3.4,1.83,4.38,3.84,1.78
374,3,1.36,5.5,9.0,1.34,5.69,9.9,1.36,4.8,8.0,1.33,5.29,9.03
375,3,3.5,3.6,2.15,3.48,3.82,2.12,3.5,3.1,2.2,3.37,3.59,2.1
376,2,6.0,4.75,1.53,6.46,4.79,1.52,5.5,4.33,1.53,6.04,4.5,1.51
377,2,2.05,3.75,3.7,2.03,3.8,3.78,1.95,3.75,3.6,2.02,3.62,3.58
378,2,2.4,3.6,3.0,2.42,3.7,2.97,2.4,3.1,3.1,2.38,3.49,2.91
379,3,1.67,4.2,5.25,1.67,4.13,5.61,1.67,4.0,4.75,1.66,4.03,5.08
380,1,2.4,3.3,3.25,2.47,3.32,3.19,2.5,3.2,2.9,2.43,3.21,3.1
381,1,2.0,3.3,4.5,2.06,3.29,4.32,2.05,3.1,4.0,2.01,3.23,4.16
382,2,3.2,3.4,2.4,3.25,3.43,2.37,3.1,3.1,2.4,3.12,3.32,2.36
383,3,4.5,3.6,1.91,4.43,3.55,1.95,4.2,3.25,1.95,4.17,3.43,1.95
384,3,1.25,6.5,15.0,1.27,6.48,13.15,1.25,5.5,13.0,1.25,6.11,12.55
385,2,2.38,3.2,3.4,2.33,3.24,3.53,2.4,3.1,3.1,2.31,3.16,3.38
386,2,1.8,3.75,5.0,1.88,3.68,4.64,1.83,3.4,4.5,1.82,3.56,4.62
387,1,2.4,3.5,3.1,2.41,3.53,3.1,2.5,3.1,3.0,2.36,3.42,3.04
388,1,4.75,3.6,1.85,4.7,3.62,1.88,4.5,3.4,1.85,4.5,3.51,1.86
389,3,1.65,4.0,6.0,1.68,4.16,5.48,1.67,3.6,5.5,1.64,3.97,5.46
390,3,1.53,4.2,7.5,1.54,4.33,7.19,1.44,4.33,7.5,1.52,4.17,7.06
391,3,6.5,4.2,1.57,7.12,4.2,1.56,7.0,3.5,1.57,6.43,4.09,1.55
392,2,2.88,3.6,2.5,2.92,3.6,2.5,2.88,3.2,2.5,2.87,3.48,2.45
393,1,5.5,3.8,1.73,5.47,3.96,1.71,5.0,3.5,1.73,5.11,3.81,1.7
394,1,1.8,3.6,5.25,1.78,3.61,5.5,1.83,3.2,4.8,1.79,3.54,4.95
395,3,1.45,4.75,8.0,1.47,4.78,7.82,1.5,3.6,8.5,1.46,4.48,7.49
396,1,5.5,3.8,1.73,5.44,3.74,1.76,5.5,3.3,1.73,5.22,3.66,1.72
397,1,3.0,3.25,2.6,3.11,3.19,2.6,2.7,3.2,2.62,2.97,3.15,2.56
398,1,2.55,3.2,3.1,2.61,3.22,3.06,2.6,3.2,2.75,2.52,3.16,3.02
399,3,1.95,3.75,4.0,1.98,3.75,4.02,1.91,3.2,4.33,1.94,3.62,3.96
400,3,1.25,5.5,15.0,1.26,6.35,14.35,1.29,5.0,12.0,1.25,5.72,13.7
401,2,2.3,3.2,3.3,2.33,3.38,3.39,2.38,3.2,3.1,2.31,3.28,3.24
402,3,1.73,3.6,5.25,1.74,3.79,5.55,1.75,3.6,4.75,1.72,3.66,5.17
403,1,8.0,4.1,1.44,8.35,4.6,1.46,7.0,4.0,1.5,7.8,4.28,1.46
404,3,1.73,3.6,5.25,1.71,3.88,5.57,1.73,3.6,5.0,1.72,3.69,5.11
405,2,1.57,3.6,6.5,1.61,4.03,6.63,1.62,3.6,6.0,1.6,3.88,6.16
406,2,2.38,3.4,3.0,2.36,3.56,3.17,2.38,3.4,2.9,2.37,3.43,3.01
407,1,5.0,3.75,1.73,5.47,3.91,1.72,4.6,3.75,1.73,5.12,3.72,1.72
408,3,1.25,6.0,11.0,1.3,6.3,10.91,1.3,5.5,9.5,1.28,5.75,10.65
409,2,2.6,3.1,2.9,2.6,3.09,3.2,2.6,2.9,3.0,2.56,3.06,3.04
410,3,1.57,4.2,6.5,1.6,4.35,6.15,1.62,3.5,6.5,1.57,4.15,5.98
411,3,2.05,3.25,4.33,2.05,3.31,4.33,2.1,3.0,4.0,2.02,3.25,4.15
412,2,2.45,3.1,3.4,2.44,3.21,3.36,2.3,3.1,3.3,2.41,3.14,3.22
413,3,1.7,4.0,5.5,1.7,3.97,5.54,1.7,3.75,5.5,1.66,3.95,5.36
414,1,2.38,3.25,3.4,2.38,3.31,3.35,2.38,3.2,3.4,2.32,3.26,3.28
415,1,2.3,3.2,3.6,2.31,3.2,3.65,2.38,3.1,3.2,2.27,3.15,3.5
416,1,4.6,3.75,1.85,4.34,3.82,1.89,4.8,3.2,1.85,4.38,3.66,1.84
417,1,1.91,3.6,4.5,1.9,3.6,4.62,1.91,3.2,4.5,1.88,3.53,4.35
418,2,5.75,4.0,1.67,5.77,4.17,1.65,6.0,3.6,1.62,5.45,3.97,1.65
419,1,3.8,3.5,2.1,3.75,3.6,2.1,3.75,3.2,2.1,3.59,3.45,2.1
420,1,2.25,3.5,3.4,2.28,3.49,3.4,2.3,3.4,3.4,2.25,3.46,3.29
421,3,1.67,3.8,6.0,1.65,3.99,6.19,1.7,3.2,6.0,1.65,3.83,5.7
422,1,6.0,4.2,1.6,6.03,4.2,1.6,6.0,3.6,1.62,5.94,4.05,1.59
423,3,1.5,4.33,8.0,1.46,4.49,8.87,1.5,3.75,8.0,1.48,4.29,7.5
424,3,1.29,6.0,12.0,1.28,6.24,12.78,1.29,5.0,12.0,1.28,5.82,11.3
425,3,2.8,3.2,2.8,2.9,3.19,2.76,2.7,3.1,2.7,2.73,3.17,2.76
426,3,2.0,3.5,4.2,2.09,3.37,4.08,2.05,3.1,4.0,2.03,3.35,3.96
427,3,1.7,3.8,5.75,1.68,3.84,6.17,1.7,3.4,5.5,1.68,3.72,5.62
428,3,1.33,5.5,11.0,1.35,5.52,10.26,1.33,4.33,12.0,1.33,5.27,10.01
429,3,6.0,4.2,1.62,5.8,4.12,1.65,6.0,3.6,1.62,5.67,3.95,1.63
430,3,2.4,3.5,3.1,2.35,3.53,3.21,2.4,3.2,3.2,2.35,3.43,3.08
431,3,3.6,3.5,2.15,3.79,3.57,2.1,3.6,3.4,2.15,3.55,3.46,2.12
432,3,1.22,7.0,15.0,1.23,7.0,15.54,1.25,6.0,13.0,1.22,6.62,13.93
433,3,1.73,3.9,5.25,1.74,3.86,5.39,1.7,3.75,5.5,1.71,3.84,5.14
434,1,3.75,3.5,2.1,3.73,3.48,2.15,4.0,3.4,2.0,3.7,3.39,2.1
435,2,2.38,3.3,3.3,2.34,3.35,3.4,2.3,3.3,3.3,2.33,3.26,3.25
436,1,2.88,3.25,2.7,2.88,3.3,2.7,2.8,3.2,2.7,2.81,3.25,2.64
437,1,9.0,5.5,1.36,9.45,5.31,1.38,9.0,4.5,1.4,8.38,5.08,1.38
438,1,2.8,3.3,2.75,2.83,3.35,2.72,2.8,3.2,2.7,2.78,3.29,2.64
439,3,2.9,3.2,2.7,3.09,3.21,2.59,2.75,3.25,2.7,2.9,3.17,2.59
440,2,1.73,4.0,5.0,1.74,3.95,5.25,1.75,3.8,5.0,1.73,3.85,4.98
441,1,7.5,4.5,1.5,7.68,4.63,1.48,7.0,4.33,1.5,6.93,4.45,1.49
442,2,2.5,3.25,3.2,2.47,3.24,3.26,2.5,3.1,3.2,2.44,3.17,3.16
443,1,8.0,4.75,1.45,8.44,4.92,1.43,8.0,4.5,1.44,7.38,4.72,1.44
444,2,2.38,3.3,3.3,2.42,3.32,3.27,2.4,3.2,3.2,2.35,3.28,3.21
445,2,2.25,3.4,3.5,2.23,3.35,3.66,2.3,3.3,3.3,2.21,3.31,3.5
446,1,9.0,5.0,1.4,10.17,5.13,1.38,9.5,4.5,1.4,8.94,4.91,1.38
447,2,2.25,3.4,3.5,2.24,3.35,3.63,2.25,3.25,3.5,2.21,3.31,3.49
448,2,1.33,5.75,10.0,1.35,5.46,10.61,1.33,5.0,11.0,1.34,5.25,9.59
449,3,3.0,3.5,2.5,2.99,3.54,2.48,3.0,3.4,2.4,2.96,3.43,2.42
450,3,1.29,6.5,11.0,1.28,6.15,12.8,1.29,5.5,12.0,1.28,5.91,11.22
451,3,1.85,3.5,5.0,1.83,3.61,5.05,1.85,3.4,4.8,1.83,3.51,4.74
452,3,1.57,4.5,6.0,1.58,4.33,6.3,1.6,3.8,6.5,1.58,4.19,5.88
453,1,2.15,3.5,3.6,2.14,3.52,3.71,2.2,3.1,3.75,2.1,3.45,3.61
454,2,1.5,4.75,7.0,1.52,4.68,6.82,1.5,4.33,7.0,1.5,4.52,6.46
455,3,2.0,3.6,4.0,1.98,3.51,4.34,2.05,3.3,4.0,1.99,3.44,3.99
456,2,5.5,3.8,1.73,5.45,3.91,1.72,5.5,3.4,1.75,5.27,3.71,1.72
457,1,2.25,3.3,3.6,2.33,3.27,3.51,2.3,3.1,3.6,2.25,3.21,3.5
458,3,1.4,4.8,9.5,1.39,4.89,10.41,1.4,4.5,10.0,1.39,4.63,9.33
459,2,2.2,3.5,3.5,2.19,3.51,3.58,2.25,3.1,3.6,2.16,3.42,3.45
460,2,1.25,6.5,15.0,1.27,6.28,13.55,1.25,6.0,13.0,1.26,5.99,12.63
461,2,4.2,3.6,1.95,4.12,3.7,1.97,4.0,3.4,2.0,3.94,3.58,1.97
462,3,6.0,3.8,1.67,6.05,3.87,1.68,6.0,3.6,1.67,5.84,3.74,1.66
463,1,3.1,3.3,2.5,3.16,3.35,2.46,3.1,3.2,2.5,3.01,3.27,2.48
464,3,2.05,3.5,3.9,2.06,3.44,4.1,2.05,3.3,4.0,2.04,3.38,3.89
465,3,1.29,6.0,13.0,1.28,6.26,12.86,1.29,6.0,11.0,1.28,5.84,11.53
466,2,2.38,3.3,3.3,2.33,3.35,3.42,2.3,3.4,3.2,2.31,3.3,3.27
467,3,1.67,4.0,5.75,1.68,4.07,5.52,1.7,3.75,5.5,1.68,3.94,5.24
468,3,2.15,3.4,3.8,2.24,3.31,3.68,2.25,3.1,3.6,2.21,3.24,3.57
469,2,1.5,4.5,7.5,1.5,4.63,7.3,1.5,4.33,7.0,1.49,4.44,6.92
470,1,5.25,4.0,1.7,4.9,3.92,1.78,5.0,3.8,1.75,4.82,3.9,1.73
471,2,1.2,7.0,19.0,1.22,6.9,18.5,1.22,6.0,17.0,1.21,6.49,16.6
472,3,2.5,3.2,3.2,2.57,3.15,3.19,2.6,3.0,3.1,2.49,3.13,3.1
473,1,9.0,5.0,1.4,8.25,5.1,1.42,8.5,4.8,1.4,7.88,4.94,1.4
474,2,1.62,4.2,6.0,1.64,4.1,6.03,1.67,3.6,6.0,1.63,3.99,5.63
475,3,1.75,3.75,5.25,1.75,3.72,5.6,1.75,3.5,5.5,1.75,3.64,5.16
476,1,8.0,4.75,1.44,7.48,4.57,1.5,8.0,4.5,1.44,7.45,4.5,1.46
477,3,1.8,3.8,4.75,1.81,3.84,4.8,1.83,3.6,4.5,1.79,3.81,4.52
478,1,3.2,3.4,2.4,3.2,3.37,2.43,3.2,3.2,2.4,3.1,3.33,2.39
479,3,2.05,3.6,3.8,2.1,3.52,3.85,2.1,3.5,3.6,2.04,3.5,3.72
480,1,1.65,4.2,5.5,1.63,4.27,5.78,1.67,3.6,6.0,1.62,4.05,5.59
481,3,3.3,3.3,2.38,3.42,3.37,2.32,3.3,3.1,2.4,3.32,3.25,2.31
482,3,1.53,4.33,7.0,1.57,4.37,6.47,1.57,3.75,7.0,1.56,4.22,6.23
483,2,1.22,7.0,15.0,1.23,7.16,14.22,1.22,6.5,13.0,1.22,6.6,14.35
484,2,2.0,3.6,4.0,2.0,3.59,4.13,2.05,3.3,4.0,2.0,3.52,3.87
485,2,1.95,3.6,4.2,1.95,3.59,4.35,2.0,3.2,4.33,1.94,3.53,4.11
486,3,5.75,3.8,1.7,5.73,3.88,1.7,5.5,3.6,1.7,5.46,3.71,1.7
487,1,1.8,3.6,5.25,1.78,3.63,5.49,1.8,3.3,5.5,1.78,3.55,5.11
488,3,1.29,6.0,12.0,1.29,6.19,11.8,1.3,5.0,13.0,1.28,5.9,11.25
489,1,5.0,4.0,1.73,4.94,4.01,1.76,5.0,3.75,1.73,4.82,3.87,1.74
490,1,6.5,4.5,1.53,6.28,4.57,1.56,6.0,4.2,1.57,6.09,4.38,1.54
491,2,1.6,4.33,6.0,1.58,4.26,6.52,1.57,4.0,6.5,1.58,4.17,5.98
492,2,2.6,3.4,2.9,2.61,3.33,2.97,2.62,3.1,3.0,2.54,3.26,2.92
493,2,3.4,3.6,2.2,3.32,3.56,2.28,3.4,3.4,2.2,3.33,3.46,2.21
494,1,2.3,3.4,3.4,2.26,3.43,3.49,2.3,3.3,3.3,2.25,3.38,3.34
495,3,2.15,3.4,3.8,2.11,3.35,4.03,2.15,3.2,3.8,2.11,3.29,3.79
496,3,1.5,4.5,7.5,1.5,4.58,7.4,1.5,4.33,7.0,1.5,4.4,6.85
497,3,2.8,3.3,2.75,2.91,3.3,2.68,2.8,3.1,2.75,2.8,3.24,2.67
498,1,7.0,4.0,1.57,6.83,4.28,1.56,6.5,4.0,1.57,6.43,4.11,1.56
499,3,1.95,3.4,4.5,1.92,3.39,4.93,1.95,3.3,4.5,1.92,3.33,4.46
500,1,9.0,6.0,1.33,10.05,6.03,1.32,9.0,5.5,1.33,9.52,5.83,1.31
501,3,1.75,3.8,5.25,1.78,3.81,5.09,1.8,3.5,5.0,1.76,3.76,4.85
502,2,3.1,3.2,2.6,3.3,3.18,2.48,3.1,3.0,2.6,3.1,3.13,2.5
503,2,1.91,3.6,4.5,1.87,3.65,4.72,1.91,3.4,4.5,1.88,3.52,4.45
504,3,1.17,8.5,19.0,1.19,8.68,16.06,1.2,7.0,17.0,1.17,7.85,16.08
505,3,2.63,3.4,2.88,2.67,3.32,2.9,2.62,3.2,2.9,2.61,3.27,2.83
506,3,1.4,5.0,9.0,1.43,5.04,8.05,1.4,4.8,8.5,1.42,4.83,7.8
507,2,1.45,4.75,8.0,1.5,4.62,7.46,1.5,4.33,7.0,1.48,4.48,7.07
508,3,2.2,3.4,3.6,2.19,3.35,3.78,2.2,3.2,3.6,2.15,3.35,3.6
509,1,2.4,3.3,3.3,2.39,3.32,3.32,2.4,3.2,3.2,2.38,3.26,3.16
510,3,3.5,3.3,2.3,3.58,3.39,2.24,3.4,3.2,2.3,3.38,3.3,2.25
511,1,2.15,3.6,3.6,2.14,3.59,3.64,2.2,3.3,3.5,2.12,3.49,3.51
512,3,1.62,4.0,6.5,1.64,4.1,6.03,1.62,3.75,6.5,1.62,3.92,5.92
513,3,3.4,3.4,2.3,3.39,3.44,2.3,3.4,3.2,2.3,3.26,3.35,2.28
514,3,1.36,5.5,9.0,1.36,5.45,9.64,1.36,5.0,9.5,1.35,5.15,9.23
515,3,2.2,3.3,3.75,2.16,3.33,3.89,2.2,3.2,3.6,2.16,3.27,3.65
516,1,4.75,4.2,1.75,5.08,4.1,1.72,4.8,3.8,1.75,4.79,3.93,1.73
517,3,5.0,4.0,1.75,4.63,4.01,1.8,4.8,3.8,1.75,4.59,3.89,1.76
518,2,3.6,3.5,2.15,3.65,3.5,2.17,3.6,3.3,2.2,3.59,3.4,2.13
519,3,1.83,3.5,5.25,1.8,3.57,5.4,1.83,3.4,5.0,1.79,3.47,5.09
520,3,1.35,5.5,9.5,1.38,5.29,9.21,1.36,5.0,9.0,1.36,5.19,8.83
521,3,3.5,3.5,2.2,3.48,3.45,2.26,3.3,3.3,2.3,3.36,3.37,2.24
522,2,3.5,3.3,2.3,3.43,3.37,2.32,3.3,3.2,2.38,3.33,3.29,2.29
523,3,5.25,4.0,1.7,5.28,4.1,1.7,5.0,3.8,1.73,4.99,3.95,1.7
524,3,2.15,3.5,3.6,2.14,3.55,3.68,2.2,3.3,3.6,2.13,3.45,3.55
525,3,3.1,3.4,2.45,3.15,3.39,2.45,3.0,3.3,2.5,3.06,3.28,2.44
526,3,1.25,6.25,15.0,1.27,6.25,14.32,1.29,5.5,13.0,1.27,5.84,12.53
527,2,1.3,6.0,11.0,1.29,6.29,11.73,1.3,5.5,11.0,1.29,5.9,10.37
528,3,2.2,3.4,3.6,2.22,3.37,3.64,2.25,3.2,3.5,2.2,3.32,3.49
529,3,1.7,3.7,6.0,1.68,3.68,6.42,1.73,3.4,6.0,1.69,3.61,5.83
530,3,2.4,3.4,3.2,2.43,3.47,3.13,2.4,3.3,3.1,2.41,3.4,3.04
531,3,4.2,3.75,1.91,4.28,3.77,1.92,4.2,3.6,1.91,4.11,3.7,1.91
532,1,5.25,4.0,1.7,5.56,4.08,1.68,4.8,4.0,1.7,5.19,3.94,1.68
533,3,1.29,6.5,11.0,1.28,6.4,12.25,1.25,6.5,12.0,1.26,6.26,11.65
534,1,6.0,4.33,1.6,6.48,4.28,1.58,6.0,4.0,1.6,5.99,4.13,1.58
535,2,3.1,3.3,2.5,3.29,3.25,2.45,3.2,3.2,2.4,3.15,3.2,2.43
536,1,10.0,5.75,1.33,10.45,5.72,1.33,9.0,5.0,1.33,9.49,5.43,1.33
537,3,1.22,7.0,15.0,1.25,6.6,14.0,1.25,6.0,13.0,1.23,6.33,13.83
538,3,2.05,3.5,4.0,2.06,3.5,4.04,2.05,3.3,4.0,2.04,3.42,3.87
539,3,1.67,4.0,5.75,1.65,4.13,5.82,1.67,3.8,5.5,1.64,3.97,5.52
540,1,6.5,4.2,1.57,5.85,4.3,1.62,6.5,3.75,1.62,5.82,4.09,1.6
541,3,2.1,3.4,4.0,2.07,3.42,4.1,2.1,3.3,3.75,2.07,3.36,3.83
542,2,2.6,3.4,2.9,2.59,3.35,2.98,2.6,3.2,2.9,2.55,3.3,2.89
543,3,2.63,3.3,2.9,2.67,3.23,2.97,2.62,3.2,2.9,2.6,3.21,2.9
544,1,5.75,3.8,1.7,5.53,3.77,1.74,5.5,3.5,1.75,5.38,3.68,1.72
545,3,1.62,4.1,6.0,1.67,4.09,5.7,1.67,3.6,6.0,1.65,3.93,5.61
546,1,3.0,3.3,2.6,2.95,3.23,2.69,2.9,3.2,2.62,2.91,3.21,2.6
547,3,2.15,3.6,3.5,2.13,3.56,3.7,2.2,3.4,3.4,2.13,3.54,3.48
548,3,1.22,7.0,15.0,1.22,7.35,15.0,1.22,6.5,15.0,1.21,6.73,14.84
549,1,4.2,3.6,1.95,4.27,3.85,1.9,4.2,3.5,1.95,4.12,3.61,1.91
550,3,1.33,5.5,8.5,1.35,5.58,10.12,1.33,5.0,11.0,1.34,5.31,9.47
551,3,2.9,3.1,2.6,3.06,3.18,2.64,3.0,3.1,2.62,2.97,3.1,2.61
552,3,1.36,5.0,8.5,1.42,4.78,9.52,1.4,4.8,8.5,1.38,4.85,8.69
553,1,10.0,5.5,1.3,9.86,5.82,1.34,9.0,5.5,1.33,9.42,5.56,1.32
554,1,2.5,3.3,2.9,2.57,3.33,3.03,2.5,3.3,3.0,2.5,3.32,2.93
555,3,1.22,6.5,13.0,1.24,6.95,15.0,1.25,5.5,17.0,1.22,6.48,14.79
556,1,2.63,3.2,2.8,2.71,3.43,2.78,2.7,3.3,2.7,2.63,3.34,2.75
557,2,2.5,3.3,2.9,2.54,3.36,3.05,2.4,3.3,3.1,2.47,3.28,3.0
558,3,1.3,5.5,10.0,1.3,6.15,11.02,1.33,5.0,11.0,1.29,5.76,10.49
559,1,2.8,3.25,2.6,3.01,3.3,2.6,2.9,3.2,2.6,2.89,3.24,2.57
560,2,4.33,3.5,1.95,4.28,3.43,2.02,4.33,3.4,1.95,4.2,3.4,1.98
561,3,2.4,3.25,3.3,2.38,3.26,3.41,2.4,3.2,3.2,2.38,3.24,3.24
562,3,1.25,6.5,14.0,1.28,6.15,12.85,1.29,5.5,13.0,1.27,5.84,12.21
563,3,2.1,3.6,3.7,2.1,3.56,3.8,2.1,3.4,3.75,2.07,3.53,3.66
564,3,2.35,3.6,3.1,2.37,3.52,3.18,2.4,3.3,3.1,2.35,3.48,3.05
565,3,1.25,6.0,16.0,1.25,6.2,16.45,1.25,5.5,17.0,1.25,5.85,14.97
566,1,1.75,3.7,5.5,1.78,3.59,5.55,1.8,3.3,5.5,1.76,3.52,5.31
567,1,2.9,3.4,2.6,2.83,3.49,2.63,2.8,3.3,2.62,2.82,3.39,2.56
568,3,1.29,5.5,9.5,1.34,5.6,10.4,1.33,5.5,9.0,1.33,5.45,9.57
569,1,5.5,3.75,1.62,5.71,3.94,1.69,5.5,3.6,1.73,5.49,3.8,1.67
570,3,2.2,3.4,3.6,2.28,3.33,3.55,2.3,3.2,3.4,2.23,3.3,3.45
571,3,1.17,8.5,19.0,1.18,8.55,17.5,1.18,7.0,15.0,1.16,8.07,17.76
572,2,2.75,3.2,2.88,2.8,3.16,2.88,2.75,3.1,2.8,2.73,3.1,2.85
573,2,11.0,5.5,1.33,9.95,5.55,1.35,11.0,4.5,1.36,9.41,5.26,1.34
574,3,1.75,3.7,5.5,1.76,3.72,5.48,1.8,3.3,5.5,1.75,3.57,5.25
575,1,6.0,4.0,1.65,5.77,4.13,1.65,5.5,3.8,1.67,5.56,3.95,1.64
576,2,4.33,3.4,1.85,4.52,3.87,1.85,5.0,3.4,1.83,4.44,3.72,1.82
577,1,1.75,3.5,4.75,1.8,3.77,5.0,1.83,3.4,5.0,1.79,3.63,4.78
578,3,1.8,3.5,4.5,1.89,3.58,4.7,1.95,3.4,4.2,1.88,3.51,4.37
579,3,2.63,3.25,2.63,2.77,3.35,2.77,2.9,3.1,2.62,2.78,3.28,2.64
580,3,3.6,3.4,2.2,3.75,3.35,2.2,3.5,3.2,2.25,3.56,3.29,2.2
581,3,3.3,3.5,2.3,3.34,3.62,2.25,3.2,3.4,2.3,3.24,3.45,2.27
582,1,6.0,4.1,1.62,6.1,3.96,1.66,6.0,3.6,1.67,5.78,3.87,1.64
583,1,3.1,3.3,2.5,3.09,3.45,2.46,3.0,3.3,2.5,3.0,3.34,2.46
584,1,7.0,4.75,1.5,6.54,4.71,1.53,6.5,4.33,1.53,6.38,4.55,1.51
585,3,1.33,5.5,11.0,1.32,5.51,12.56,1.33,5.0,11.0,1.32,5.23,11.25
586,2,2.5,3.2,3.2,2.51,3.18,3.25,2.5,3.1,3.1,2.49,3.1,3.16
587,3,2.38,3.4,3.2,2.41,3.41,3.2,2.4,3.2,3.2,2.38,3.33,3.13
588,3,4.5,4.0,1.8,4.54,3.9,1.84,4.33,3.75,1.83,4.39,3.8,1.82
589,2,2.15,3.4,3.75,2.16,3.34,3.88,2.2,3.3,3.6,2.14,3.33,3.67
590,2,1.83,3.75,4.75,1.84,3.77,4.73,1.85,3.6,4.5,1.84,3.64,4.52
591,1,3.25,3.4,2.38,3.19,3.45,2.4,3.2,3.2,2.4,3.12,3.35,2.37
592,1,1.22,7.0,15.0,1.22,7.55,14.0,1.22,6.5,15.0,1.22,6.9,13.56
593,2,2.15,3.5,3.6,2.13,3.52,3.75,2.15,3.4,3.6,2.12,3.45,3.59
594,1,2.5,3.2,3.25,2.47,3.17,3.33,2.5,3.1,3.2,2.45,3.16,3.17
595,2,6.0,4.2,1.6,6.08,4.08,1.64,6.0,4.0,1.62,5.84,3.99,1.62
596,3,1.7,3.8,5.75,1.7,3.91,5.68,1.7,3.5,6.0,1.68,3.8,5.49
597,3,1.2,7.5,17.0,1.22,7.35,15.7,1.2,7.0,15.0,1.2,7.02,15.09
598,3,1.18,8.0,19.0,1.18,8.5,18.0,1.2,7.0,15.0,1.17,7.61,17.48
599,3,1.83,3.5,5.25,1.86,3.48,5.1,1.85,3.3,5.0,1.83,3.46,4.9
600,1,1.22,7.0,15.0,1.24,6.92,14.64,1.25,6.0,13.0,1.23,6.51,13.3
601,1,2.05,3.5,3.9,2.12,3.57,3.73,2.1,3.4,3.75,2.09,3.46,3.69
602,3,2.9,3.25,2.7,2.89,3.29,2.7,2.88,3.2,2.62,2.85,3.2,2.67
603,2,2.65,3.25,2.9,2.63,3.33,2.95,2.6,3.2,3.0,2.6,3.24,2.92
604,2,2.7,3.1,3.0,2.73,3.05,3.06,2.7,3.0,3.0,2.68,3.02,2.99
605,2,9.5,5.25,1.36,9.13,5.41,1.38,9.0,5.0,1.36,8.95,5.24,1.36
606,3,3.4,3.4,2.3,3.29,3.42,2.36,3.4,3.2,2.3,3.24,3.33,2.32
607,2,1.2,7.5,17.0,1.2,7.88,17.01,1.2,7.0,17.0,1.18,7.37,17.0
608,2,2.88,3.4,2.63,2.85,3.4,2.67,2.88,3.25,2.62,2.82,3.31,2.61
609,1,6.0,4.5,1.57,5.94,4.55,1.58,6.0,4.2,1.57,5.68,4.38,1.57
610,3,1.95,3.6,4.2,1.94,3.58,4.42,2.0,3.3,4.2,1.95,3.53,4.13
611,1,1.7,3.9,5.5,1.73,3.91,5.37,1.67,3.8,5.5,1.69,3.82,5.37
612,3,1.7,4.0,5.25,1.74,4.0,5.14,1.73,3.6,5.5,1.71,3.86,5.07
613,3,8.0,4.75,1.45,7.68,4.59,1.49,8.0,4.5,1.44,7.42,4.47,1.47
614,1,1.85,3.75,4.5,1.85,3.67,4.84,1.83,3.6,4.5,1.84,3.59,4.58
615,3,1.29,6.0,13.0,1.29,5.95,13.45,1.29,5.5,13.0,1.27,5.76,12.9
616,3,2.15,3.3,3.9,2.12,3.28,4.1,2.15,3.2,3.8,2.12,3.26,3.83
617,3,2.3,3.25,3.5,2.31,3.29,3.53,2.38,3.1,3.4,2.31,3.22,3.39
618,1,5.75,4.0,1.65,5.95,3.89,1.68,5.5,3.75,1.7,5.58,3.8,1.68
619,3,1.22,7.0,15.0,1.23,7.55,13.6,1.22,7.0,13.0,1.22,6.9,13.58
620,3,1.29,6.0,13.0,1.3,6.2,11.44,1.3,5.5,11.0,1.28,5.92,11.24
621,3,2.3,3.4,3.4,2.22,3.41,3.61,2.3,3.2,3.4,2.24,3.34,3.41
622,3,1.25,6.5,14.0,1.27,6.4,13.0,1.25,6.0,13.0,1.25,6.19,12.92
623,2,3.9,3.3,2.15,3.8,3.35,2.18,3.6,3.2,2.2,3.7,3.28,2.15
624,3,2.15,3.3,3.9,2.13,3.42,3.86,2.1,3.3,3.8,2.1,3.36,3.73
625,1,3.9,3.4,2.1,3.92,3.54,2.07,3.8,3.3,2.1,3.76,3.43,2.06
626,2,2.25,3.3,3.6,2.28,3.25,3.65,2.25,3.2,3.6,2.22,3.26,3.52
627,2,9.0,5.0,1.4,8.59,4.73,1.44,8.0,4.5,1.44,8.28,4.61,1.42
628,3,2.4,3.3,3.25,2.44,3.3,3.25,2.5,3.2,3.1,2.41,3.26,3.13
629,1,7.5,5.0,1.44,6.97,4.95,1.48,7.0,4.8,1.44,6.91,4.76,1.45
630,3,1.25,6.5,15.0,1.27,6.51,12.91,1.25,6.0,13.0,1.25,6.18,12.92
631,3,2.1,3.2,4.2,2.12,3.13,4.37,2.15,3.1,4.0,2.1,3.12,4.08
632,3,1.4,5.25,8.5,1.43,5.18,7.91,1.4,4.8,8.5,1.4,4.97,7.87
633,2,2.15,3.3,3.9,2.2,3.22,3.91,2.2,3.1,3.8,2.16,3.22,3.74
634,2,2.63,3.3,2.9,2.63,3.26,3.0,2.62,3.2,2.9,2.57,3.22,2.91
635,3,2.1,3.4,4.0,2.11,3.44,3.93,2.1,3.3,3.8,2.07,3.39,3.81
636,3,1.44,5.0,7.5,1.43,4.89,8.49,1.44,4.5,8.0,1.42,4.79,7.82
637,3,5.5,4.2,1.65,5.75,4.27,1.63,5.5,3.8,1.67,5.66,4.04,1.62
638,3,1.85,3.6,4.75,1.87,3.55,4.92,1.85,3.4,4.8,1.85,3.56,4.62
639,3,2.15,3.6,3.6,2.14,3.51,3.73,2.15,3.4,3.6,2.11,3.51,3.56
640,2,1.25,6.5,15.0,1.27,6.55,12.75,1.25,6.0,13.0,1.25,6.15,12.85
641,3,1.95,3.4,4.5,2.0,3.3,4.6,1.95,3.3,4.5,1.95,3.32,4.43
642,3,2.0,3.5,4.2,2.05,3.35,4.27,2.0,3.4,4.0,2.01,3.36,4.07
643,1,3.6,3.4,2.2,3.54,3.38,2.26,3.5,3.1,2.3,3.51,3.28,2.22
644,1,2.2,3.3,3.8,2.23,3.28,3.74,2.2,3.1,3.8,2.19,3.21,3.68
645,1,11.0,6.5,1.29,10.81,6.35,1.3,11.0,5.5,1.3,10.54,5.99,1.29
646,3,1.67,4.2,5.25,1.64,4.17,5.88,1.67,3.8,5.5,1.63,4.01,5.58
647,1,6.0,4.1,1.62,5.75,4.3,1.63,6.0,4.0,1.62,5.74,4.02,1.62
648,2,1.25,6.5,15.0,1.25,6.8,13.6,1.25,6.0,13.0,1.23,6.49,12.73
649,3,2.6,3.5,2.8,2.67,3.4,2.84,2.62,3.3,2.8,2.59,3.38,2.78
650,3,1.67,3.8,6.0,1.68,3.89,6.0,1.7,3.75,5.5,1.67,3.81,5.61
651,3,2.55,3.3,3.0,2.58,3.24,3.08,2.6,3.1,3.0,2.52,3.26,2.97
652,3,1.25,6.5,14.0,1.26,6.55,13.5,1.25,6.0,13.0,1.24,6.3,13.23
653,3,2.15,3.5,3.6,2.15,3.51,3.7,2.2,3.3,3.5,2.16,3.41,3.5
654,3,1.91,3.5,4.75,1.94,3.45,4.63,1.91,3.4,4.5,1.92,3.42,4.39
655,3,1.53,4.33,7.0,1.52,4.46,7.15,1.53,4.0,7.0,1.51,4.25,6.81
656,1,6.5,4.0,1.62,6.54,4.04,1.61,6.0,4.0,1.62,6.13,3.94,1.6
657,2,2.55,3.3,3.0,2.62,3.23,3.04,2.6,3.2,2.88,2.54,3.22,2.95
658,3,5.25,4.0,1.73,5.36,4.02,1.71,5.0,3.8,1.73,5.09,3.84,1.71
659,1,2.3,3.5,3.3,2.33,3.49,3.28,2.38,3.3,3.2,2.3,3.39,3.2
660,2,2.0,3.75,3.8,1.98,3.68,4.1,2.0,3.6,3.8,1.97,3.65,3.82
661,1,6.0,3.7,1.7,5.97,3.8,1.69,5.5,3.6,1.7,5.69,3.67,1.68
662,3,1.73,3.8,5.5,1.72,3.87,5.53,1.73,3.6,5.5,1.7,3.81,5.26
663,1,5.75,3.8,1.7,6.07,3.91,1.67,5.5,3.75,1.7,5.5,3.78,1.68
664,1,1.3,5.75,12.0,1.3,5.9,12.0,1.29,5.5,12.0,1.28,5.54,12.13
665,3,2.45,3.4,3.1,2.47,3.42,3.1,2.5,3.3,3.0,2.45,3.33,2.98
666,3,2.05,3.5,4.0,2.07,3.48,4.0,2.05,3.4,3.8,2.04,3.44,3.83
667,3,1.73,3.9,5.25,1.73,3.97,5.25,1.73,3.8,5.0,1.7,3.94,4.99
668,2,1.36,5.0,11.0,1.37,5.05,10.55,1.36,5.0,9.0,1.36,4.9,9.83
669,2,1.65,4.0,6.0,1.67,4.13,5.57,1.62,4.2,5.5,1.64,3.99,5.52
670,3,1.85,3.6,4.75,1.87,3.67,4.72,1.85,3.6,4.5,1.84,3.56,4.57
671,2,3.1,3.75,2.3,3.22,3.82,2.23,3.1,3.5,2.3,3.08,3.62,2.26
672,2,2.0,3.4,4.33,1.98,3.43,4.47,1.95,3.5,4.2,1.97,3.39,4.2
673,3,2.5,3.1,3.3,2.48,3.07,3.43,2.5,3.1,3.1,2.45,3.1,3.23
674,3,1.45,4.5,8.5,1.48,4.61,7.92,1.44,4.33,8.5,1.45,4.5,7.85
675,2,1.57,4.2,6.5,1.57,4.23,6.75,1.57,4.0,6.5,1.57,4.11,6.32
676,3,2.5,3.2,3.2,2.56,3.16,3.19,2.5,3.1,3.1,2.49,3.14,3.13
677,3,1.4,5.25,8.0,1.42,5.32,7.89,1.4,5.0,8.0,1.39,5.11,7.7
678,3,2.4,3.5,3.1,2.41,3.56,3.08,2.4,3.3,3.1,2.37,3.41,3.05
679,3,2.05,3.3,4.2,2.08,3.32,4.2,2.05,3.2,4.2,2.05,3.27,4.04
680,2,1.36,5.25,9.5,1.4,5.31,8.45,1.36,5.0,9.0,1.38,5.1,8.25
681,3,1.83,3.7,4.75,1.84,3.7,4.86,1.83,3.5,4.8,1.83,3.56,4.67
682,1,5.0,4.0,1.73,5.33,3.97,1.72,5.0,3.8,1.73,5.04,3.82,1.72
683,1,6.5,4.0,1.6,6.35,4.26,1.59,6.0,3.6,1.62,6.2,4.02,1.58
684,3,1.2,7.5,17.0,1.22,7.6,14.85,1.22,6.0,13.0,1.2,7.13,14.5
685,2,2.45,3.1,3.4,2.42,3.15,3.45,2.4,3.0,3.2,2.42,3.12,3.24
686,1,4.0,3.75,1.95,4.06,3.71,1.98,4.0,3.4,1.95,4.0,3.61,1.94
687,3,1.25,6.5,15.0,1.25,6.6,14.0,1.25,5.5,12.0,1.24,6.1,13.34
688,1,3.0,3.3,2.55,3.11,3.31,2.52,2.8,3.1,2.6,3.0,3.2,2.5
689,3,2.1,3.6,3.7,2.09,3.49,3.92,2.1,3.3,3.5,2.09,3.47,3.61
690,3,1.75,3.9,5.0,1.76,3.98,4.95,1.75,3.5,5.0,1.73,3.78,4.95
691,1,10.0,5.25,1.36,10.52,5.32,1.36,10.0,4.5,1.36,9.93,5.01,1.34
692,3,4.5,3.9,1.83,4.37,3.96,1.85,4.33,3.5,1.83,4.33,3.8,1.81
693,2,1.73,3.6,4.75,1.78,3.85,5.1,1.8,3.6,4.5,1.77,3.7,4.76
694,3,1.4,4.5,8.0,1.43,4.82,8.67,1.44,4.33,7.5,1.44,4.49,7.81
695,1,4.33,4.0,1.73,4.66,4.1,1.78,4.4,3.8,1.75,4.45,3.91,1.77
696,3,1.95,3.3,4.0,1.98,3.54,4.3,2.0,3.4,3.8,1.97,3.4,4.1
697,2,3.3,3.25,2.2,3.24,3.54,2.33,3.1,3.4,2.25,3.17,3.4,2.29
698,3,1.25,6.0,10.0,1.27,6.67,12.45,1.25,6.0,11.0,1.26,6.14,10.98
699,3,2.4,3.3,2.9,2.57,3.3,3.05,2.4,3.2,3.0,2.48,3.23,2.98
700,3,2.55,3.2,2.8,2.67,3.2,3.0,2.5,3.2,2.88,2.63,3.15,2.87
701,1,4.0,3.8,1.8,4.34,3.7,1.93,4.2,3.75,1.8,4.29,3.6,1.87
702,1,7.0,4.0,1.5,6.72,4.39,1.55,6.5,4.2,1.5,6.33,4.25,1.53
703,3,1.85,3.75,4.5,1.93,3.79,4.24,1.83,3.4,4.5,1.86,3.66,4.28
704,3,1.91,3.7,4.33,1.92,3.7,4.37,1.95,3.1,4.33,1.9,3.55,4.23
705,3,2.2,3.4,3.6,2.15,3.53,3.68,2.25,3.1,3.5,2.18,3.34,3.5
706,2,3.3,3.6,2.25,3.27,3.68,2.26,3.4,3.1,2.25,3.23,3.51,2.22
707,1,5.75,4.0,1.67,5.95,3.93,1.68,6.0,3.2,1.7,5.66,3.76,1.66
708,1,1.5,4.75,7.0,1.5,4.91,6.63,1.5,4.0,7.0,1.49,4.55,6.69
709,3,1.45,4.6,8.5,1.44,4.72,8.66,1.44,4.33,8.0,1.44,4.56,8.02
710,3,1.6,4.5,5.75,1.61,4.54,5.6,1.57,4.2,5.5,1.6,4.35,5.38
711,1,5.5,4.2,1.65,5.68,4.22,1.65,5.5,3.6,1.67,5.41,4.07,1.64
712,3,2.3,3.4,3.4,2.23,3.44,3.58,2.25,3.3,3.2,2.22,3.37,3.4
713,2,1.91,3.75,4.2,1.89,3.77,4.42,1.85,3.75,4.0,1.88,3.67,4.24
714,1,1.75,3.5,4.75,1.8,3.63,5.02,1.83,3.5,4.4,1.8,3.56,4.81
715,2,1.6,3.75,5.75,1.64,4.06,5.77,1.67,3.8,5.0,1.66,3.91,5.38
716,2,2.0,3.5,3.6,2.08,3.45,3.85,2.15,3.4,3.3,2.09,3.42,3.61
717,1,3.0,3.4,2.3,3.02,3.6,2.37,2.9,3.4,2.38,2.95,3.48,2.39
718,1,2.4,3.5,2.75,2.54,3.38,2.94,2.5,3.3,2.8,2.5,3.35,2.86
719,1,3.5,3.6,2.0,3.77,3.67,2.03,3.5,3.5,2.05,3.68,3.53,2.03
720,2,1.36,4.75,8.0,1.37,5.04,10.06,1.36,4.75,8.5,1.37,4.85,8.93
721,2,13.0,5.25,1.25,11.39,5.93,1.29,9.0,5.0,1.33,10.68,5.57,1.29
722,3,1.85,3.75,4.0,1.86,3.94,4.15,1.85,4.0,3.75,1.88,3.81,3.93
723,1,5.75,4.5,1.5,6.61,4.4,1.53,6.0,4.0,1.55,6.09,4.24,1.55
724,3,8.5,5.25,1.4,9.4,5.35,1.37,8.0,5.0,1.4,8.54,5.11,1.37
725,2,2.25,3.6,3.3,2.24,3.5,3.47,2.25,3.2,3.3,2.2,3.47,3.32
726,2,2.25,3.3,3.6,2.31,3.2,3.64,2.25,3.2,3.3,2.24,3.19,3.52
727,1,1.44,4.75,8.0,1.49,4.7,7.29,1.44,4.33,7.5,1.45,4.53,7.32
728,3,1.57,4.2,6.5,1.61,4.16,6.38,1.57,3.75,6.5,1.58,4.02,6.25
729,3,1.29,6.5,11.0,1.3,6.6,10.25,1.25,6.0,11.0,1.27,6.22,10.52
730,3,2.8,3.5,2.63,2.81,3.48,2.65,2.75,3.4,2.62,2.76,3.38,2.6
731,3,1.91,3.7,4.33,1.94,3.72,4.22,1.91,3.6,4.2,1.92,3.61,4.11
732,2,1.62,4.2,6.0,1.61,4.21,6.12,1.62,4.0,6.0,1.59,4.13,5.79
733,3,1.17,9.0,19.0,1.18,8.29,18.22,1.14,8.5,19.0,1.16,7.94,18.77
734,1,3.6,3.8,2.05,3.69,3.75,2.07,3.6,3.6,2.0,3.58,3.64,2.04
735,3,1.5,4.5,7.5,1.45,4.79,8.05,1.44,4.33,7.0,1.45,4.57,7.39
736,1,10.0,5.25,1.36,9.65,5.15,1.38,10.0,4.4,1.36,9.46,4.94,1.36
737,3,1.91,3.75,4.2,1.93,3.76,4.28,1.95,3.4,4.0,1.92,3.63,4.04
738,3,1.25,7.0,12.0,1.25,7.0,13.0,1.25,5.5,12.0,1.23,6.56,12.42
739,1,4.0,3.6,2.0,3.91,3.68,2.03,3.6,3.4,2.05,3.84,3.52,2.0
740,1,4.75,4.1,1.75,4.61,4.16,1.78,4.5,3.8,1.73,4.56,4.0,1.74
741,1,4.2,3.8,1.91,4.18,3.84,1.94,4.0,3.5,1.91,4.04,3.68,1.91
742,3,2.1,3.6,3.75,2.11,3.63,3.69,2.05,3.4,3.75,2.06,3.5,3.68
743,3,1.73,3.9,5.25,1.71,4.04,5.35,1.67,3.8,5.0,1.7,3.85,5.14
744,1,5.25,4.0,1.7,5.62,4.2,1.65,5.0,3.9,1.7,5.26,3.94,1.67
745,3,1.25,6.75,13.0,1.25,6.85,13.5,1.25,6.0,11.0,1.24,6.54,12.61
746,3,1.09,13.0,29.0,1.1,13.62,28.49,1.1,9.0,26.0,1.09,11.35,26.47
747,3,1.14,9.0,23.0,1.14,10.39,23.1,1.14,7.5,21.0,1.13,9.1,22.37
748,2,2.75,3.3,2.8,2.76,3.33,2.8,2.62,3.2,2.75,2.67,3.27,2.75
749,1,4.5,3.8,1.85,4.44,3.78,1.88,4.5,3.5,1.8,4.29,3.69,1.85
750,3,1.45,5.0,7.5,1.42,5.29,7.75,1.4,5.0,7.0,1.42,4.96,7.29
751,1,2.45,3.5,3.0,2.38,3.4,3.26,2.38,3.4,2.9,2.38,3.4,3.02
752,3,1.14,9.0,23.0,1.16,9.01,21.02,1.15,7.5,17.0,1.15,8.17,19.89
753,1,7.0,4.75,1.5,6.36,4.61,1.55,6.0,4.2,1.53,6.09,4.4,1.53
754,2,2.0,3.6,4.0,1.91,3.75,4.35,1.95,3.75,3.6,1.92,3.67,3.95
755,3,1.14,9.0,23.0,1.14,9.31,27.82,1.1,9.0,26.0,1.12,8.61,26.64
756,3,2.5,3.3,3.1,2.44,3.4,3.14,2.5,3.3,2.8,2.48,3.31,2.94
757,1,1.8,3.8,4.75,1.8,3.95,4.73,1.75,3.75,4.5,1.77,3.79,4.6
758,3,2.1,3.5,3.75,2.1,3.68,3.67,2.05,3.5,3.5,2.06,3.51,3.63
759,1,11.0,6.0,1.3,11.51,6.21,1.29,10.0,5.5,1.29,10.78,5.9,1.28
760,3,1.53,4.5,6.5,1.53,4.55,6.85,1.53,4.2,6.0,1.51,4.43,6.44
761,1,11.0,5.5,1.33,10.95,5.55,1.34,10.0,4.8,1.33,10.1,5.25,1.32
762,1,1.25,6.5,15.0,1.26,6.3,15.25,1.25,5.5,13.0,1.24,6.06,13.67
763,1,1.83,3.6,5.0,1.83,3.58,5.11,1.8,3.3,5.0,1.81,3.5,4.82
764,3,1.7,3.8,5.75,1.7,3.83,5.81,1.7,3.5,5.5,1.69,3.69,5.5
765,2,1.62,4.0,6.5,1.64,3.94,6.35,1.62,3.6,6.0,1.61,3.84,5.98
766,2,6.0,4.2,1.62,5.74,4.29,1.63,5.5,3.8,1.62,5.75,4.06,1.6
767,3,2.4,3.3,3.3,2.46,3.25,3.26,2.5,3.1,3.0,2.43,3.19,3.11
768,3,1.3,5.75,12.0,1.33,5.68,10.85,1.3,5.0,11.0,1.31,5.29,10.74
769,1,5.5,4.0,1.7,5.35,4.0,1.71,5.0,3.75,1.7,5.16,3.87,1.69
770,1,2.0,3.6,4.0,1.98,3.63,4.16,1.95,3.4,4.0,1.96,3.56,3.9
771,1,2.63,3.2,3.0,2.64,3.17,3.07,2.4,3.0,3.0,2.56,3.1,3.02
772,3,1.73,3.8,5.5,1.74,3.85,5.43,1.73,3.3,5.5,1.73,3.7,5.06
773,3,1.36,5.25,9.5,1.39,5.24,9.27,1.33,4.5,9.0,1.37,5.02,8.86
774,3,1.75,3.8,5.25,1.71,3.96,5.43,1.7,3.6,4.5,1.73,3.74,4.96
775,3,4.5,3.8,1.85,4.39,3.85,1.88,4.5,3.5,1.8,4.41,3.69,1.83
776,1,11.0,5.0,1.36,12.01,5.33,1.33,10.0,4.5,1.36,10.48,4.89,1.35
777,3,2.5,3.25,3.2,2.51,3.31,3.13,2.5,3.1,3.0,2.42,3.2,3.12
778,1,2.1,3.6,3.75,2.08,3.58,3.85,2.1,3.3,3.6,2.07,3.46,3.65
779,2,1.33,5.75,10.0,1.31,5.88,11.27,1.33,5.0,9.0,1.31,5.48,10.04
780,1,11.0,6.0,1.3,11.14,5.79,1.32,9.0,5.0,1.33,9.8,5.58,1.32
781,1,1.95,3.5,4.33,1.99,3.43,4.41,1.95,3.25,4.2,1.95,3.42,4.22
782,2,3.9,3.4,2.1,4.01,3.45,2.08,3.8,3.1,2.1,3.8,3.32,2.09
783,3,1.33,5.5,11.0,1.33,5.56,11.31,1.33,5.0,9.0,1.33,5.32,9.97
784,3,2.3,3.4,3.4,2.34,3.42,3.33,2.3,3.2,3.2,2.3,3.34,3.26
785,2,1.91,3.4,4.0,1.99,3.37,4.5,1.95,3.25,4.2,1.95,3.37,4.26
786,3,1.45,4.5,8.5,1.47,4.55,8.45,1.44,4.2,8.0,1.45,4.44,7.91
787,3,2.15,3.7,3.5,2.16,3.72,3.46,2.2,3.25,3.4,2.14,3.6,3.36
788,2,1.25,6.5,15.0,1.26,6.45,14.0,1.25,5.5,13.0,1.24,6.16,13.33
789,2,2.4,3.1,3.5,2.39,3.12,3.55,2.4,3.0,3.2,2.37,3.08,3.36
790,3,1.36,5.5,9.0,1.39,5.59,8.29,1.36,5.0,8.0,1.36,5.36,8.22
791,3,2.7,3.1,3.0,2.76,3.0,3.08,2.62,2.9,3.0,2.63,3.01,3.01
792,1,3.8,3.5,2.1,3.94,3.5,2.08,3.5,3.25,2.15,3.69,3.4,2.09
793,1,4.75,3.9,1.8,4.73,3.83,1.83,4.33,3.6,1.8,4.51,3.73,1.8
794,3,1.85,4.0,4.2,1.89,3.94,4.2,1.85,3.75,4.0,1.87,3.82,4.03
795,1,1.65,4.0,6.0,1.67,3.96,5.95,1.67,3.6,5.5,1.66,3.86,5.56
796,2,7.5,4.5,1.5,7.42,4.43,1.52,7.0,4.0,1.5,7.02,4.27,1.5
797,3,2.3,3.25,3.5,2.36,3.23,3.48,2.38,3.1,3.2,2.33,3.19,3.32
798,1,2.4,3.25,3.3,2.41,3.28,3.32,2.38,3.1,3.2,2.38,3.2,3.21
799,3,1.95,3.5,4.5,1.97,3.46,4.46,1.85,3.5,4.33,1.92,3.46,4.27
800,3,2.15,3.4,3.8,2.17,3.44,3.74,2.1,3.3,3.8,2.14,3.34,3.66
801,1,3.0,3.3,2.6,2.99,3.32,2.6,2.8,3.1,2.6,2.95,3.21,2.54
802,2,3.5,3.4,2.25,3.46,3.42,2.28,3.3,3.3,2.2,3.31,3.33,2.27
803,2,1.29,6.0,13.0,1.27,6.3,13.45,1.29,5.0,12.0,1.26,5.89,11.99
804,3,2.38,3.25,3.4,2.37,3.23,3.46,2.3,3.1,3.3,2.34,3.21,3.28
805,2,1.22,7.0,15.0,1.25,6.7,14.0,1.22,6.0,13.0,1.23,6.38,13.26
806,1,9.0,6.0,1.33,9.83,5.64,1.35,8.0,5.5,1.33,8.75,5.36,1.34
807,2,2.38,3.25,3.4,2.36,3.27,3.43,2.3,3.1,3.3,2.33,3.22,3.29
808,2,1.8,4.0,4.5,1.81,4.02,4.57,1.8,3.5,4.5,1.8,3.85,4.37
809,3,1.36,5.25,10.0,1.35,5.3,10.93,1.33,4.5,11.0,1.34,5.09,10.03
810,2,2.15,3.25,3.9,2.21,3.23,3.89,2.1,3.1,3.8,2.17,3.19,3.71
811,3,1.65,4.0,5.75,1.72,3.92,5.43,1.67,3.6,5.5,1.68,3.83,5.34
812,1,4.1,3.9,1.91,4.27,3.87,1.89,4.0,3.5,1.91,4.07,3.74,1.89
813,3,1.14,10.0,21.0,1.15,10.0,18.5,1.14,7.5,21.0,1.14,8.84,19.23
814,1,5.5,3.8,1.73,5.35,3.82,1.75,5.0,3.6,1.73,5.08,3.69,1.73
815,1,6.0,4.1,1.62,5.69,4.25,1.64,6.0,3.6,1.62,5.66,4.04,1.61
816,1,2.4,3.3,3.25,2.43,3.29,3.28,2.3,3.2,3.2,2.36,3.26,3.17
817,1,6.0,4.33,1.6,5.95,4.36,1.61,5.5,4.0,1.6,5.6,4.15,1.6
818,3,2.8,3.1,2.9,2.78,3.1,2.96,2.7,3.1,2.7,2.7,3.1,2.83
819,3,1.33,5.5,11.0,1.36,5.45,10.0,1.33,5.0,9.0,1.34,5.22,9.49
820,2,2.8,3.25,2.5,2.9,3.48,2.58,2.75,3.4,2.5,2.78,3.36,2.53
821,1,2.75,3.3,2.5,2.84,3.63,2.54,2.8,3.3,2.5,2.78,3.44,2.49
822,1,8.5,4.75,1.36,9.54,5.0,1.4,8.0,4.5,1.4,8.47,4.7,1.39
823,3,1.17,7.0,15.0,1.19,7.9,19.0,1.17,7.0,17.0,1.17,7.29,17.9
824,3,2.88,3.2,2.45,3.06,3.38,2.52,2.9,3.2,2.5,2.9,3.22,2.51
825,2,2.15,3.2,3.5,2.33,3.13,3.69,2.25,3.1,3.4,2.24,3.14,3.49
826,3,1.8,3.5,4.5,1.9,3.49,4.84,1.83,3.5,4.33,1.86,3.46,4.47
827,3,1.2,6.5,13.0,1.27,6.65,12.35,1.22,6.0,13.0,1.24,6.16,12.23
828,1,1.67,3.6,5.75,1.68,3.81,6.2,1.62,3.6,6.0,1.65,3.71,5.74
829,2,5.0,3.8,1.67,5.09,4.17,1.71,5.0,3.75,1.7,4.82,3.9,1.71
830,2,2.75,3.25,2.8,2.8,3.23,2.83,2.6,3.2,2.88,2.67,3.18,2.78
831,3,9.0,5.0,1.4,8.5,4.92,1.43,9.5,4.8,1.36,8.46,4.67,1.4
832,2,2.8,3.25,2.8,2.77,3.32,2.79,2.75,3.2,2.75,2.71,3.26,2.7
833,3,1.14,9.5,21.0,1.16,9.0,19.9,1.14,8.5,21.0,1.14,8.69,18.5
834,3,2.2,3.25,3.75,2.21,3.16,3.98,2.15,3.2,3.8,2.15,3.13,3.78
835,3,1.2,8.0,15.0,1.21,7.92,14.37,1.2,7.5,13.0,1.2,7.1,13.4
836,3,5.25,4.33,1.65,5.49,4.37,1.64,5.5,4.2,1.62,5.17,4.18,1.63
837,2,3.25,3.3,2.4,3.22,3.18,2.53,3.25,3.2,2.38,3.19,3.14,2.41
838,2,1.91,3.6,4.5,1.87,3.58,4.85,1.85,3.6,4.5,1.85,3.49,4.5
839,2,2.05,3.4,4.2,2.03,3.4,4.28,2.0,3.4,4.0,2.01,3.32,3.99
840,1,1.83,3.5,5.25,1.82,3.53,5.34,1.83,3.3,5.0,1.82,3.42,4.96
841,3,1.36,5.25,10.0,1.4,5.08,8.95,1.36,5.0,9.0,1.36,5.02,8.7
842,3,11.0,5.0,1.36,11.73,5.12,1.35,11.0,5.0,1.33,10.29,4.87,1.34
843,3,1.11,12.0,26.0,1.12,12.2,23.0,1.11,9.0,26.0,1.1,10.5,23.54
844,3,2.0,3.5,4.2,1.98,3.58,4.24,2.05,3.1,4.2,1.97,3.41,4.05
845,3,1.85,3.39,5.25,1.82,3.47,5.49,1.83,3.4,5.0,1.81,3.37,5.04
846,1,2.14,3.5,3.6,2.21,3.44,3.61,2.2,3.3,3.5,2.15,3.38,3.48
847,1,2.79,3.25,2.75,2.83,3.31,2.74,2.9,3.1,2.62,2.77,3.21,2.65
848,1,3.79,3.6,2.04,3.84,3.71,2.04,4.0,3.3,2.05,3.77,3.52,2.01
849,3,2.25,3.5,3.39,2.22,3.62,3.4,2.15,3.4,3.5,2.18,3.48,3.32
